count|bj_name|bj_id|bj_follower|bj_stime|bj_swatch|bj_last_time|bj_last_visit|bj_last_up|img
1|♥코코 5위|aay2014|251,852|3,947|36,276,205|2017-07-27 15:45|2,141 (3,304,274)|0 (2,237,186)|http://stimg.afreecatv.com/LOGO/aa/aay2014/aay2014.jpg
2|*망치부인* 14위|gtv7|192,128|70,463|98,416,432|2017-07-28 13:58|3,434 (7,929,638)|5,484 (7,480,029)|http://stimg.afreecatv.com/LOGO/gt/gtv7/gtv7.jpg
3|안수연-_- 42위|asy1218|197,086|12,583|28,961,665|2017-07-28 00:00|1,434 (3,310,293)|102 (1,191,306)|http://stimg.afreecatv.com/LOGO/as/asy1218/asy1218.jpg
4|BJ겨울♥ 59위|rlrlvkvk123|62,161|4,440|5,152,018|2017-07-28 01:36|1,278 (677,205)|136 (213,133)|http://stimg.afreecatv.com/LOGO/rl/rlrlvkvk123/rlrlvkvk123.jpg
5|쪼꼬북 68위|yong0e|245,144|4,171|46,292,349|2017-07-28 00:00|1,287 (3,153,132)|461 (1,246,298)|http://stimg.afreecatv.com/LOGO/yo/yong0e/yong0e.jpg
6|고이나 61위|qkeksms2|31,232|1,118|1,883,675|2017-07-28 00:00|803 (352,611)|272 (91,762)|http://stimg.afreecatv.com/LOGO/qk/qkeksms2/qkeksms2.jpg
7|BJ쏘님♡ 66위|staru2u|184,282|1,853|12,732,985|2017-07-28 00:00|2,608 (2,353,232)|649 (760,524)|http://stimg.afreecatv.com/LOGO/st/staru2u/staru2u.jpg
8|아리샤♡。 71위|feel0100|110,345|4,187|12,405,410|2017-07-28 15:23|2,778 (1,034,001)|1,573 (520,467)|http://stimg.afreecatv.com/LOGO/fe/feel0100/feel0100.jpg
9|♥이슬이 83위|dasl8121|208,482|3,712|29,531,818|2017-07-28 00:00|2,032 (2,137,268)|915 (1,260,805)|http://stimg.afreecatv.com/LOGO/da/dasl8121/dasl8121.jpg
10|BJ서아 68위|bjdyrksu|26,001|209|1,005,564|2017-07-28 19:44|2,204 (316,118)|477 (39,899)|http://stimg.afreecatv.com/LOGO/bj/bjdyrksu/bjdyrksu.jpg
11|BJ열매♡ 82위|sbde5447|144,491|2,042|13,707,302|2017-07-27 20:37|1,470 (1,858,720)|0 (653,302)|http://stimg.afreecatv.com/LOGO/sb/sbde5447/sbde5447.jpg
12|양팡♥ 94위|eunz1nara|100,762|2,244|11,504,454|2017-07-28 19:30|2,668 (1,528,651)|878 (482,435)|http://stimg.afreecatv.com/LOGO/eu/eunz1nara/eunz1nara.jpg
13|BJ보보♥ 87위|qhqotkdwk|44,199|702|2,445,724|2017-07-28 03:06|5,884 (368,874)|196 (110,686)|http://stimg.afreecatv.com/LOGO/qh/qhqotkdwk/qhqotkdwk.jpg
14|김다희♡ 78위|lovable33|53,042|2,430|3,539,339|2017-07-28 00:32|1,631 (543,422)|959 (132,504)|http://stimg.afreecatv.com/LOGO/lo/lovable33/lovable33.jpg
15|꽃님＆ 86위|flo413|184,142|3,500|8,215,340|2017-07-28 19:57|886 (2,202,406)|133 (469,011)|http://stimg.afreecatv.com/LOGO/fl/flo413/flo413.jpg
16|♡지여닝♡ 85위|jiyeoun1004|73,329|350|6,377,300|2017-07-28 17:33|2,192 (950,610)|676 (170,942)|http://stimg.afreecatv.com/LOGO/ji/jiyeoun1004/jiyeoun1004.jpg
17|BJ향이+ㅁ+ 91위|apple1004l|72,399|2,915|5,093,181|2017-07-28 20:32|1,273 (974,002)|140 (313,088)|http://stimg.afreecatv.com/LOGO/ap/apple1004l/apple1004l.jpg
18|BJ♥이하린 103위|leeharin04|127,461|7,162|20,334,721|2017-07-28 14:48|852 (1,397,828)|645 (1,057,225)|http://stimg.afreecatv.com/LOGO/le/leeharin04/leeharin04.jpg
19|*고두림* 106위|durim1028|90,889|2,626|6,303,346|2017-07-25 00:00|1,060 (948,423)|0 (312,078)|http://stimg.afreecatv.com/LOGO/du/durim1028/durim1028.jpg
20|BJ파이♥ 93위|pi0314|68,017|6,123|5,741,522|2017-07-28 14:47|1,127 (792,782)|570 (358,996)|http://stimg.afreecatv.com/LOGO/pi/pi0314/pi0314.jpg
21|BJ♡수정 116위|a3149009|32,486|11,134|4,580,355|2017-07-28 20:27|830 (550,686)|532 (233,312)|http://stimg.afreecatv.com/LOGO/a3/a3149009/a3149009.jpg
22|이설♡₃ 122위|bebe010|401,515|11,284|33,733,496|2017-07-28 00:00|1,246 (4,795,498)|509 (1,897,668)|http://stimg.afreecatv.com/LOGO/be/bebe010/bebe010.jpg
23|BJ서윤♥:) 121위|yunheehoho|355,730|8,001|64,475,632|2017-07-26 11:32|820 (4,643,581)|0 (2,346,576)|http://stimg.afreecatv.com/LOGO/yu/yunheehoho/yunheehoho.jpg
24|서유♥ 118위|sweetmin00|29,222|2,012|1,857,737|2017-07-28 00:35|1,549 (307,396)|200 (127,710)|http://stimg.afreecatv.com/LOGO/sw/sweetmin00/sweetmin00.jpg
25|Bj김빙빙 130위|kjl1728|41,393|1,841|3,220,687|2017-07-28 20:03|423 (277,688)|151 (155,883)|http://stimg.afreecatv.com/LOGO/kj/kjl1728/kjl1728.jpg
26|아윤♡ 146위|ayoona|64,944|1,605|3,215,371|2017-07-28 00:00|1,300 (1,161,914)|432 (282,604)|http://stimg.afreecatv.com/LOGO/ay/ayoona/ayoona.jpg
27|[S]셀리♥ 130위|gksk4998|371,723|13,461|82,092,785|2017-07-28 00:00|1,837 (6,320,768)|494 (2,558,008)|http://stimg.afreecatv.com/LOGO/gk/gksk4998/gksk4998.jpg
28|[乃]엄지 143위|xexi|68,706|1,593|5,272,908|2017-07-28 11:00|709 (627,853)|336 (274,393)|http://stimg.afreecatv.com/LOGO/xe/xexi/xexi.jpg
29|봄설희♡ 147위|tangsooyook|107,498|6,994|11,339,947|2017-07-28 08:53|1,265 (1,199,593)|483 (525,756)|http://stimg.afreecatv.com/LOGO/ta/tangsooyook/tangsooyook.jpg
30|♡세경♡ 155위|wannabe33|121,616|2,386|14,196,901|2017-07-27 12:15|387 (1,172,089)|0 (648,421)|http://stimg.afreecatv.com/LOGO/wa/wannabe33/wannabe33.jpg
31|화정♥ 144위|030b1004|123,582|2,946|12,559,438|2017-07-25 21:41|1,137 (1,353,308)|0 (502,398)|http://stimg.afreecatv.com/LOGO/03/030b1004/030b1004.jpg
32|한또니♡ 158위|hyesun789|48,112|4,342|2,760,471|2017-07-28 00:00|617 (303,716)|251 (162,940)|http://stimg.afreecatv.com/LOGO/hy/hyesun789/hyesun789.jpg
33|주영스트 168위|chu7834|35,939|1,791|918,893|2017-07-27 00:00|333 (331,025)|0 (109,083)|http://stimg.afreecatv.com/LOGO/ch/chu7834/chu7834.jpg
34|☜BJ유요☞ 173위|iloveuyo|120,051|4,287|11,703,010|2017-07-28 03:30|934 (1,425,897)|569 (648,153)|http://stimg.afreecatv.com/LOGO/il/iloveuyo/iloveuyo.jpg
35|복 순♡ 175위|killyou18|680,121|4,132|82,437,078|2017-07-25 00:00|791 (8,463,782)|0 (4,275,292)|http://stimg.afreecatv.com/LOGO/ki/killyou18/killyou18.jpg
36|다온♪ 196위|oul282|172,076|9,557|25,584,292|2017-07-28 17:33|690 (1,690,887)|392 (1,087,934)|http://stimg.afreecatv.com/LOGO/ou/oul282/oul282.jpg
37|슈기님 187위|nyy09|345,420|17,321|59,247,353|2017-07-28 00:00|1,626 (4,525,818)|76 (2,439,967)|http://stimg.afreecatv.com/LOGO/ny/nyy09/nyy09.jpg
38|육덕녀☆ 209위|zigoo486|10,781|587|598,388|2017-07-28 06:01|536 (65,812)|316 (32,769)|http://stimg.afreecatv.com/LOGO/zi/zigoo486/zigoo486.jpg
39|채원이♥ㅏㅇ 205위|plppt123|103,695|5,656|10,498,376|2017-07-28 12:30|869 (1,391,317)|338 (707,665)|http://stimg.afreecatv.com/LOGO/pl/plppt123/plppt123.jpg
40|해자라면 198위|inno826|27,106|3,229|4,247,136|2017-07-28 14:15|320 (412,352)|220 (227,927)|http://stimg.afreecatv.com/LOGO/in/inno826/inno826.jpg
41|퓨닛♥ 218위|loveme2615|68,273|6,176|6,013,954|2017-07-28 17:08|437 (465,534)|178 (371,698)|http://stimg.afreecatv.com/LOGO/lo/loveme2615/loveme2615.jpg
42|사탕*_*♥ 206위|satang95|62,773|8,819|4,596,237|2017-07-28 08:40|1,088 (597,672)|677 (230,253)|http://stimg.afreecatv.com/LOGO/sa/satang95/satang95.jpg
43|ＢＪ왕쥬 200위|djsrhkwl|301,112|47,159|98,257,647|2017-07-28 02:53|1,753 (5,093,638)|1,013 (3,839,651)|http://stimg.afreecatv.com/LOGO/dj/djsrhkwl/djsrhkwl.jpg
44|윤Ma윤마♥ 251위|im1004okok|146,255|11,306|20,763,936|2017-07-28 00:00|1,154 (2,319,826)|402 (846,310)|http://stimg.afreecatv.com/LOGO/im/im1004okok/im1004okok.jpg
45|영이츄우 237위|youngchuu|30,175|3,896|2,485,160|2017-07-28 19:00|438 (335,454)|519 (183,970)|http://stimg.afreecatv.com/LOGO/yo/youngchuu/youngchuu.jpg
46|은초♡ 245위|naturaly|2,233|108|75,778|2017-07-28 10:22|349 (10,388)|172 (4,431)|http://stimg.afreecatv.com/LOGO/na/naturaly/naturaly.jpg
47|BJ세희♪ 235위|lobelia11|156,413|5,038|20,315,245|2017-07-26 00:00|402 (1,569,516)|0 (1,051,603)|http://stimg.afreecatv.com/LOGO/lo/lobelia11/lobelia11.jpg
48|BJ반소연♥ 248위|pooh3704|56,883|3,699|4,910,673|2017-07-28 18:34|653 (472,185)|515 (220,477)|http://stimg.afreecatv.com/LOGO/po/pooh3704/pooh3704.jpg
49|함소율 250위|5959599|32,700|2,793|2,070,799|2017-07-28 10:39|551 (562,287)|220 (95,082)|http://stimg.afreecatv.com/LOGO/59/5959599/5959599.jpg
50|♡단아냥♡ 191위|ocollllll|118,997|11,547|15,252,775|2017-07-28 20:43|678 (1,564,936)|294 (716,328)|http://stimg.afreecatv.com/LOGO/oc/ocollllll/ocollllll.jpg
51|뚱녀★ 230위|nin4849|56,223|17,919|20,306,893|2017-07-28 20:01|182 (458,222)|101 (591,965)|http://stimg.afreecatv.com/LOGO/ni/nin4849/nin4849.jpg
52|d사라b 262위|sara44244|48,318|1,723|2,262,001|2017-07-28 19:50|347 (463,694)|120 (217,330)|http://stimg.afreecatv.com/LOGO/sa/sara44244/sara44244.jpg
53|『도아』 287위|lyl9095|178,599|5,765|18,804,995|2017-07-25 11:45|1,175 (2,101,144)|0 (847,337)|http://stimg.afreecatv.com/LOGO/ly/lyl9095/lyl9095.jpg
54|앙나♡ 315위|azuan2001|123,866|3,536|13,414,577|2017-07-28 01:08|1,056 (1,818,534)|380 (636,805)|http://stimg.afreecatv.com/LOGO/az/azuan2001/azuan2001.jpg
55|ⓜ민경+ 294위|tjsdudthown|13,053|2,533|847,594|2017-07-28 00:00|869 (98,425)|366 (43,766)|http://stimg.afreecatv.com/LOGO/tj/tjsdudthown/tjsdudthown.jpg
56|아삭예븐 273위|ann1106|32,910|330|2,530,228|2017-07-28 00:00|648 (521,453)|184 (70,246)|http://stimg.afreecatv.com/LOGO/an/ann1106/ann1106.jpg
57|이꽃빈♡ 281위|luxuryah|324,601|7,961|43,442,534|2017-07-28 00:00|484 (3,566,565)|230 (1,919,991)|http://stimg.afreecatv.com/LOGO/lu/luxuryah/luxuryah.jpg
58|자객녀☆ 297위|zx0777|36,995|1,417|3,065,016|2017-07-26 16:56|327 (444,622)|0 (152,728)|http://stimg.afreecatv.com/LOGO/zx/zx0777/zx0777.jpg
59|금화S2 290위|e000e77|16,594|922|565,581|2017-07-28 01:58|2,297 (211,386)|154 (53,753)|http://stimg.afreecatv.com/LOGO/e0/e000e77/e000e77.jpg
60|아야금 325위|sad5354|27,250|699|842,298|2017-07-27 21:25|354 (223,195)|0 (100,160)|http://stimg.afreecatv.com/LOGO/sa/sad5354/sad5354.jpg
61|박가린님♥ 305위|janjju|365,304|12,213|76,908,916|2017-07-28 00:00|1,169 (6,566,007)|244 (3,239,140)|http://stimg.afreecatv.com/LOGO/ja/janjju/janjju.jpg
62|:BJ:핫빈님: 304위|llllu3ullll|32,654|1,062|1,427,001|2017-07-28 15:15|545 (422,979)|72 (83,817)|http://stimg.afreecatv.com/LOGO/ll/llllu3ullll/llllu3ullll.jpg
63|BJ한나♡ 343위|kiddy42815|329,162|45,677|65,149,612|2017-07-28 18:52|846 (8,885,054)|327 (3,160,978)|http://stimg.afreecatv.com/LOGO/ki/kiddy42815/kiddy42815.jpg
64|사이다!! 278위|1425333|62,340|10,570|3,932,947|2017-07-28 01:39|236 (811,037)|260 (312,394)|http://stimg.afreecatv.com/LOGO/14/1425333/1425333.jpg
65|뽀빠이걸 374위|pearljujja|34,103|3,279|2,592,985|2017-07-28 17:19|497 (276,639)|117 (123,144)|http://stimg.afreecatv.com/LOGO/pe/pearljujja/pearljujja.jpg
66|♥우리♥ 341위|ll7183ll|40,218|7,058|2,353,620|2017-07-28 19:58|182 (316,208)|71 (162,874)|http://stimg.afreecatv.com/LOGO/ll/ll7183ll/ll7183ll.jpg
67|BJ여제 402위|fofo9066|13,117|3,440|2,743,740|2017-07-28 00:00|316 (431,642)|237 (246,807)|http://stimg.afreecatv.com/LOGO/fo/fofo9066/fofo9066.jpg
68|한샘♡ 354위|soha9433|42,207|3,389|4,197,201|2017-07-28 19:11|600 (455,199)|364 (206,615)|http://stimg.afreecatv.com/LOGO/so/soha9433/soha9433.jpg
69|BJ주황♥ 370위|food5915|8,067|1,221|345,039|2017-07-28 20:21|140 (65,347)|55 (29,464)|http://stimg.afreecatv.com/LOGO/fo/food5915/food5915.jpg
70|하예라 356위|rlemaos|24,696|2,930|1,987,653|2017-07-27 00:00|152 (291,632)|0 (123,958)|http://stimg.afreecatv.com/LOGO/rl/rlemaos/rlemaos.jpg
71|탱탱여울._;* 392위|lovelovest|218,633|38,933|38,568,700|2017-07-28 06:22|316 (2,920,397)|134 (1,620,346)|http://stimg.afreecatv.com/LOGO/lo/lovelovest/lovelovest.jpg
72|맹이~♡ 435위|hellparty1|18,958|1,528|888,126|2017-07-28 00:00|224 (177,839)|149 (65,292)|http://stimg.afreecatv.com/LOGO/he/hellparty1/hellparty1.jpg
73|BJ라뮤♡ 416위|kimjye|135,301|23,349|22,292,484|2017-07-28 04:30|242 (1,540,009)|317 (1,623,553)|http://stimg.afreecatv.com/LOGO/ki/kimjye/kimjye.jpg
74|유소희 404위|yoosohee|88,756|3,134|6,339,256|2017-07-28 00:00|239 (1,097,545)|271 (506,799)|http://stimg.afreecatv.com/LOGO/yo/yoosohee/yoosohee.jpg
75|BJ고아라 418위|arago10040|659|169|17,117|2017-07-28 00:00|360 (4,047)|30 (2,557)|http://stimg.afreecatv.com/LOGO/ar/arago10040/arago10040.jpg
76|BJ초은 408위|swoo213|8,565|814|399,405|2017-07-28 19:00|254 (64,371)|114 (23,117)|http://stimg.afreecatv.com/LOGO/sw/swoo213/swoo213.jpg
77|윤슬이 410위|930921|91,181|3,676|8,546,138|2017-07-27 00:00|297 (1,074,063)|0 (479,559)|http://stimg.afreecatv.com/LOGO/93/930921/930921.jpg
78|유은 396위|dbdms139|105,176|5,291|8,317,435|2017-07-26 15:55|526 (1,157,233)|0 (492,878)|http://stimg.afreecatv.com/LOGO/db/dbdms139/dbdms139.jpg
79|김예은♥ 454위|loveoo|8,375|771|428,797|2017-07-28 20:08|319 (58,300)|278 (33,776)|http://stimg.afreecatv.com/LOGO/lo/loveoo/loveoo.jpg
80|박가을♥ 401위|fall0715|17,186|1,969|1,004,379|2017-07-28 20:15|177 (228,522)|55 (67,025)|http://stimg.afreecatv.com/LOGO/fa/fall0715/fall0715.jpg
81|여순_♡ 437위|jieun12125|36,279|2,127|3,956,612|2017-07-28 00:00|303 (591,008)|125 (156,616)|http://stimg.afreecatv.com/LOGO/ji/jieun12125/jieun12125.jpg
82|BJ황후 470위|sun5462|5,525|1,482|328,273|2017-07-28 15:03|268 (62,403)|181 (26,273)|http://stimg.afreecatv.com/LOGO/su/sun5462/sun5462.jpg
83|힐링TV.유우 520위|zero4865|62,982|10,071|4,956,468|2017-07-27 18:09|326 (441,934)|277 (365,724)|http://stimg.afreecatv.com/LOGO/ze/zero4865/zero4865.jpg
84|티티*.* 420위|sora6374|6,960|1,002|588,335|2017-07-28 13:11|155 (76,664)|166 (38,894)|http://stimg.afreecatv.com/LOGO/so/sora6374/sora6374.jpg
85|BJ도진Ð 457위|dodohe22|61,018|5,474|5,015,266|2017-07-28 02:22|232 (761,666)|217 (461,029)|http://stimg.afreecatv.com/LOGO/do/dodohe22/dodohe22.jpg
86|레이샤TV 471위|goeun1226|23,017|293|618,026|2017-07-27 21:29|327 (177,221)|0 (48,286)|http://stimg.afreecatv.com/LOGO/go/goeun1226/goeun1226.jpg
87|김은아님 462위|euna1029|1,148|74|21,210|2017-07-28 00:00|217 (4,781)|102 (1,836)|http://stimg.afreecatv.com/LOGO/eu/euna1029/euna1029.jpg
88|∞*류시아* 441위|viviana7|5,923|649|214,730|2017-07-28 16:07|444 (47,560)|144 (20,935)|http://stimg.afreecatv.com/LOGO/vi/viviana7/viviana7.jpg
89|김디아♥ 455위|yojung|3,919|1,094|208,626|2017-07-28 20:28|96 (33,542)|57 (22,149)|http://stimg.afreecatv.com/LOGO/yo/yojung/yojung.jpg
90|♥애봉이 501위|yum8730|86,101|24,458|35,373,455|2017-07-28 21:00|207 (873,392)|93 (917,661)|http://stimg.afreecatv.com/LOGO/yu/yum8730/yum8730.jpg
91|김시연 475위|ghgh9107|17,445|1,739|850,912|2017-07-28 18:42|183 (240,558)|200 (71,824)|http://stimg.afreecatv.com/LOGO/gh/ghgh9107/ghgh9107.jpg
92|초플링 517위|5503ssj|18,500|961|932,088|2017-07-28 18:00|230 (280,076)|155 (71,528)|http://stimg.afreecatv.com/LOGO/55/5503ssj/5503ssj.jpg
93|유슬님♧ 528위|joliejolie|16,184|1,824|806,032|2017-07-28 17:59|288 (177,790)|232 (59,023)|http://stimg.afreecatv.com/LOGO/jo/joliejolie/joliejolie.jpg
94|슈님-A- 487위|wnks96|1,443|302|66,533|2017-07-28 20:26|76 (8,565)|35 (7,552)|http://stimg.afreecatv.com/LOGO/wn/wnks96/wnks96.jpg
95|BJ지야♡ 476위|jiiya1004|4,021|469|88,729|2017-07-28 16:01|182 (28,509)|193 (10,659)|http://stimg.afreecatv.com/LOGO/ji/jiiya1004/jiiya1004.jpg
96|*자몽* 468위|eunhye8238|14,736|800|833,522|2017-07-28 01:39|275 (253,663)|23 (44,521)|http://stimg.afreecatv.com/LOGO/eu/eunhye8238/eunhye8238.jpg
97|은지+ 521위|bobagai|143,555|10,045|17,546,041|2017-07-28 20:30|610 (2,326,466)|124 (1,023,857)|http://stimg.afreecatv.com/LOGO/bo/bobagai/bobagai.jpg
98|김가희_Z 505위|hipgirl|88,546|5,579|7,551,538|2017-07-26 00:00|82 (1,226,311)|0 (614,138)|http://stimg.afreecatv.com/LOGO/hi/hipgirl/hipgirl.jpg
99|한유림ggo_♥ 548위|yurimhan119|47,926|4,993|4,544,991|2017-07-28 13:46|375 (394,175)|309 (192,285)|http://stimg.afreecatv.com/LOGO/yu/yurimhan119/yurimhan119.jpg
100|봉구누나야 554위|yesno9981|6,951|4,492|737,482|2017-07-28 07:11|113 (51,535)|121 (47,685)|http://stimg.afreecatv.com/LOGO/ye/yesno9981/yesno9981.jpg
101|엣지님Å 538위|nukinee|246,401|12,332|32,664,903|2017-07-22 00:00|665 (3,319,780)|0 (1,800,130)|http://stimg.afreecatv.com/LOGO/nu/nukinee/nukinee.jpg
102|BJ왕소라 540위|young8889|4,626|1,311|561,029|2017-07-28 17:47|272 (69,588)|206 (46,202)|http://stimg.afreecatv.com/LOGO/yo/young8889/young8889.jpg
103|BJ_하솜♪ 593위|ch66ch|3,182|2,583|261,407|2017-07-28 15:32|117 (82,898)|101 (32,852)|http://stimg.afreecatv.com/LOGO/ch/ch66ch/ch66ch.jpg
104|-_-은정찡♡ 644위|naldolls|127,903|15,384|14,339,642|2017-07-28 18:20|192 (2,101,607)|137 (878,278)|http://stimg.afreecatv.com/LOGO/na/naldolls/naldolls.jpg
105|BJ가희야:p 606위|bgheeya|47,000|3,178|4,298,117|2017-07-28 00:00|322 (739,502)|405 (322,904)|http://stimg.afreecatv.com/LOGO/bg/bgheeya/bgheeya.jpg
106|BJ뮤즈X 682위|wpejrve|91,747|17,161|8,705,267|2017-07-27 02:26|340 (825,503)|168 (593,634)|http://stimg.afreecatv.com/LOGO/wp/wpejrve/wpejrve.jpg
107|워니.♡ 588위|rlaal6130|35,482|3,217|1,489,195|2017-07-28 00:00|131 (395,273)|161 (230,225)|http://stimg.afreecatv.com/LOGO/rl/rlaal6130/rlaal6130.jpg
108|정하님♥ 553위|vely7070|4,723|258|131,639|2017-07-28 18:39|158 (23,376)|96 (8,746)|http://stimg.afreecatv.com/LOGO/ve/vely7070/vely7070.jpg
109|임지금ⓝ 600위|skswldms|257,791|6,371|31,203,358|2017-07-26 20:04|293 (4,240,685)|0 (1,700,317)|http://stimg.afreecatv.com/LOGO/sk/skswldms/skswldms.jpg
110|BJ오늘꾸꾸 705위|yu9120|3,541|401|81,585|2017-07-28 20:18|201 (25,058)|111 (14,677)|http://stimg.afreecatv.com/LOGO/yu/yu9120/yu9120.jpg
111|하율이♥ 701위|adorable10|28,795|1,335|2,693,526|2017-07-28 20:07|596 (652,703)|190 (112,240)|http://stimg.afreecatv.com/LOGO/ad/adorable10/adorable10.jpg
112|bj바나나나 676위|bananana22|2,303|360|86,794|2017-07-28 00:00|53 (10,854)|27 (7,382)|http://stimg.afreecatv.com/LOGO/ba/bananana22/bananana22.jpg
113|� 634위|skfo3221|99,476|5,724|9,891,614|2017-07-24 08:08|622 (1,265,842)|0 (625,872)|http://stimg.afreecatv.com/LOGO/sk/skfo3221/skfo3221.jpg
114|박 현 서 667위|parang58|277,389|47,030|61,799,624|2017-07-28 00:00|390 (5,679,980)|47 (4,214,054)|http://stimg.afreecatv.com/LOGO/pa/parang58/parang58.jpg
115|♥세나 640위|uluv0423|2,105|740|79,856|2017-07-28 15:30|126 (18,592)|163 (18,216)|http://stimg.afreecatv.com/LOGO/ul/uluv0423/uluv0423.jpg
116|BJ최슬기★ 737위|yuhubaby|58,078|2,717|3,040,382|2017-07-27 00:00|365 (618,243)|0 (196,349)|http://stimg.afreecatv.com/LOGO/yu/yuhubaby/yuhubaby.jpg
117|BJ랑♡ 710위|wdg2546|3,271|381|66,922|2017-07-28 20:09|117 (18,224)|49 (9,241)|http://stimg.afreecatv.com/LOGO/wd/wdg2546/wdg2546.jpg
118|왕언늬乃 670위|keunjeong90|30,523|3,610|5,435,298|2017-07-27 00:33|158 (563,942)|0 (377,345)|http://stimg.afreecatv.com/LOGO/ke/keunjeong90/keunjeong90.jpg
119|새송 643위|songree|41,482|2,273|2,569,403|2017-07-28 17:59|232 (507,043)|142 (195,570)|http://stimg.afreecatv.com/LOGO/so/songree/songree.jpg
120|청이。 681위|codk123|10,008|2,379|574,195|2017-07-28 20:24|94 (184,656)|60 (83,660)|http://stimg.afreecatv.com/LOGO/co/codk123/codk123.jpg
121|bj찐♥ 729위|jieun8890|117,375|6,346|14,855,900|2017-07-24 00:07|173 (1,292,855)|0 (1,084,816)|http://stimg.afreecatv.com/LOGO/ji/jieun8890/jieun8890.jpg
122|동빠 748위|qls930205|40,343|2,007|1,192,496|2017-07-28 00:00|132 (371,261)|95 (150,490)|http://stimg.afreecatv.com/LOGO/ql/qls930205/qls930205.jpg
123|김리하♡ 721위|kimriha|704|150|11,711|2017-07-28 12:28|170 (3,425)|91 (2,001)|http://stimg.afreecatv.com/LOGO/ki/kimriha/kimriha.jpg
124|니루* 659위|lhee90|2,568|1,194|130,430|2017-07-28 19:20|112 (30,547)|129 (30,572)|http://stimg.afreecatv.com/LOGO/lh/lhee90/lhee90.jpg
125|독일레미♬ 730위|melonell|9,170|1,229|441,176|2017-07-28 20:32|154 (103,671)|23 (38,530)|http://stimg.afreecatv.com/LOGO/me/melonell/melonell.jpg
126|BJ김다찌 824위|kimjung1909|14,433|1,252|985,996|2017-07-28 00:00|109 (205,635)|19 (48,418)|http://stimg.afreecatv.com/LOGO/ki/kimjung1909/kimjung1909.jpg
127|BJ솔아 835위|mainbt|6,419|777|151,356|2017-07-28 18:03|141 (51,690)|127 (25,303)|http://stimg.afreecatv.com/LOGO/ma/mainbt/mainbt.jpg
128|소울디자이너 780위|cocokiss79|26,080|12,211|4,881,304|2017-07-28 00:50|210 (275,246)|133 (209,126)|http://stimg.afreecatv.com/LOGO/co/cocokiss79/cocokiss79.jpg
129|BJ지효♡ 722위|yoobee22|112,804|17,676|10,480,370|2017-07-26 00:00|167 (1,179,418)|0 (537,069)|http://stimg.afreecatv.com/LOGO/yo/yoobee22/yoobee22.jpg
130|다빈☆° 731위|dare2674|13,930|2,048|852,154|2017-07-24 10:17|229 (262,950)|0 (69,645)|http://stimg.afreecatv.com/LOGO/da/dare2674/dare2674.jpg
131|민경쓰* 772위|wowovk7|955|1,325|75,088|2017-07-28 00:00|32 (8,267)|43 (13,455)|http://stimg.afreecatv.com/LOGO/wo/wowovk7/wowovk7.jpg
132|미뉴♥ 750위|pori00|1,727|1,255|67,855|2017-07-28 16:27|119 (17,385)|97 (8,478)|http://stimg.afreecatv.com/LOGO/po/pori00/pori00.jpg
133|처음이♥ 738위|hooy001|42,290|4,777|3,123,682|2017-07-27 21:00|58 (417,928)|0 (202,946)|http://stimg.afreecatv.com/LOGO/ho/hooy001/hooy001.jpg
134|여리*-*♡ 809위|love9270|540|45|6,332|2017-07-28 15:54|180 (2,444)|90 (1,170)|http://stimg.afreecatv.com/LOGO/lo/love9270/love9270.jpg
135|다경♡ 763위|1101momoda|16,713|2,495|791,628|2017-07-25 17:46|71 (201,913)|0 (94,604)|http://stimg.afreecatv.com/LOGO/11/1101momoda/1101momoda.jpg
136|BJ송이:N 821위|sun1124sun|60,225|5,972|6,603,958|2017-07-28 18:17|191 (454,684)|137 (283,600)|http://stimg.afreecatv.com/LOGO/su/sun1124sun/sun1124sun.jpg
137|볼빨간윤솔♥ 853위|js46412|11,189|1,089|358,314|2017-07-27 23:29|75 (189,777)|0 (44,383)|http://stimg.afreecatv.com/LOGO/js/js46412/js46412.jpg
138|[BJ]나미 848위|apple5001|16,360|2,088|710,885|2017-07-27 00:00|82 (214,104)|0 (68,300)|http://stimg.afreecatv.com/LOGO/ap/apple5001/apple5001.jpg
139|예쁘으니 991위|tmzk1|22,283|6,226|1,406,027|2017-07-28 00:00|49 (198,999)|25 (124,638)|http://stimg.afreecatv.com/LOGO/tm/tmzk1/tmzk1.jpg
140|하농♡ 1005위|rrrrrrrrrrrr|737|1,082|38,804|2017-07-28 13:07|46 (8,741)|66 (10,130)|http://stimg.afreecatv.com/LOGO/rr/rrrrrrrrrrrr/rrrrrrrrrrrr.jpg
141|BJ.다나 1107위|dana4860|3,432|1,556|159,047|2017-07-28 00:00|82 (100,104)|32 (24,940)|http://stimg.afreecatv.com/LOGO/da/dana4860/dana4860.jpg
142|♥애진♥ 833위|ggoso82|148,853|13,576|17,396,780|2017-07-28 20:40|247 (2,402,920)|53 (903,431)|http://stimg.afreecatv.com/LOGO/gg/ggoso82/ggoso82.jpg
143|이안서님♥ 879위|dmsco39|159,758|21,493|18,957,216|2017-07-28 03:30|181 (1,081,806)|73 (699,996)|http://stimg.afreecatv.com/LOGO/dm/dmsco39/dmsco39.jpg
144|청율님♥ 340위|cheong0318|20,482|6,881|3,745,396|2017-07-28 18:20|94 (434,083)|223 (241,166)|http://stimg.afreecatv.com/LOGO/ch/cheong0318/cheong0318.jpg
145|니들여동생 989위|leeyj0113|22,584|1,744|998,279|2017-07-28 00:00|139 (257,627)|45 (88,871)|http://stimg.afreecatv.com/LOGO/le/leeyj0113/leeyj0113.jpg
146|♡BJ블랙퀸♡ 924위|rasocean|2,320|508|73,701|2017-07-27 18:08|41 (17,587)|0 (12,270)|http://stimg.afreecatv.com/LOGO/ra/rasocean/rasocean.jpg
147|가비J 1041위|dearchaeeun|8,653|573|182,138|2017-07-28 00:00|296 (66,432)|44 (35,485)|http://stimg.afreecatv.com/LOGO/de/dearchaeeun/dearchaeeun.jpg
148|BJ솔이S2 1175위|zotmf7335|6,170|1,075|192,591|2017-07-27 00:00|40 (104,141)|0 (30,176)|http://stimg.afreecatv.com/LOGO/zo/zotmf7335/zotmf7335.jpg
149|[BJ]에스퀸 1190위|a150425|14,881|4,209|704,334|2017-07-28 17:05|75 (122,899)|102 (99,793)|http://stimg.afreecatv.com/LOGO/a1/a150425/a150425.jpg
150|파니♥ 1047위|wlwlqo12345|16,573|6,379|1,559,272|2017-07-27 00:00|127 (366,099)|0 (145,277)|http://stimg.afreecatv.com/LOGO/wl/wlwlqo12345/wlwlqo12345.jpg
151|류지혜모델 1062위|rjh1028|136,513|3,389|10,877,470|2017-07-23 09:48|155 (1,897,018)|0 (517,914)|http://stimg.afreecatv.com/LOGO/rj/rjh1028/rjh1028.jpg
152|BJ이유 1022위|sje7373|9,853|1,983|488,528|2017-07-27 00:00|35 (129,905)|0 (37,066)|http://stimg.afreecatv.com/LOGO/sj/sje7373/sje7373.jpg
153|이채이 1059위|girltwo|20,785|7,008|874,652|2017-07-27 19:50|106 (448,315)|0 (123,011)|http://stimg.afreecatv.com/LOGO/gi/girltwo/girltwo.jpg
154|멍미미♥ 1160위|leemimiyeon|3,159|1,307|131,019|2017-07-28 00:00|67 (27,548)|75 (21,287)|http://stimg.afreecatv.com/LOGO/le/leemimiyeon/leemimiyeon.jpg
155|금보미♥ 1117위|soonie1|5,340|1,540|175,890|2017-07-28 00:00|72 (107,314)|78 (27,631)|http://stimg.afreecatv.com/LOGO/so/soonie1/soonie1.jpg
156|찌닝- 1415위|jn1004|366|192|9,759|2017-07-28 12:59|68 (2,475)|117 (2,420)|http://stimg.afreecatv.com/LOGO/jn/jn1004/jn1004.jpg
157|꿀혜_G 931위|coppag|10,517|1,023|409,262|2017-07-28 18:54|336 (196,326)|49 (32,204)|http://stimg.afreecatv.com/LOGO/co/coppag/coppag.jpg
158|땡땡양 1212위|a562312|1,353|1,184|86,932|2017-07-28 13:06|66 (16,115)|153 (13,938)|http://stimg.afreecatv.com/LOGO/a5/a562312/a562312.jpg
159|ºεº뿡녀 1066위|jjoos2|4,953|1,374|154,211|2017-07-26 22:08|85 (60,337)|0 (32,979)|http://stimg.afreecatv.com/LOGO/jj/jjoos2/jjoos2.jpg
160|♡신비님♡ 948위|941223|43,544|1,108|3,263,477|2017-07-24 19:27|444 (631,358)|0 (118,068)|http://stimg.afreecatv.com/LOGO/94/941223/941223.jpg
161|모미지♥ 957위|isung14|9,239|1,715|457,356|2017-07-28 18:11|42 (68,840)|45 (49,674)|http://stimg.afreecatv.com/LOGO/is/isung14/isung14.jpg
162|꿀콩♡ 1326위|yaa040|481|297|12,230|2017-07-28 06:17|53 (3,648)|84 (3,478)|http://stimg.afreecatv.com/LOGO/ya/yaa040/yaa040.jpg
163|BJ천송이 1104위|qlsjtm|10,744|2,195|784,499|2017-07-26 21:01|71 (183,410)|0 (60,407)|http://stimg.afreecatv.com/LOGO/ql/qlsjtm/qlsjtm.jpg
164|꾸미양 1121위|kkumi727|657|358|20,745|2017-07-27 13:22|25 (5,449)|0 (3,963)|http://stimg.afreecatv.com/LOGO/kk/kkumi727/kkumi727.jpg
165|현지인♡ 1338위|cozyplus|2,539|3,267|144,267|2017-07-27 00:00|35 (43,720)|0 (35,017)|http://stimg.afreecatv.com/LOGO/co/cozyplus/cozyplus.jpg
166|김하이Ħ 1151위|iiiseaiii|12,305|17,749|3,274,699|2017-07-27 22:26|68 (188,348)|0 (185,330)|http://stimg.afreecatv.com/LOGO/ii/iiiseaiii/iiiseaiii.jpg
167|BJ하율♡ 1110위|hayul86|12,953|551|425,633|2017-07-25 16:46|37 (187,326)|0 (41,892)|http://stimg.afreecatv.com/LOGO/ha/hayul86/hayul86.jpg
168|바니희선 1301위|yahbob|13,592|3,115|630,150|2017-07-28 19:51|45 (118,619)|34 (80,387)|http://stimg.afreecatv.com/LOGO/ya/yahbob/yahbob.jpg
169|:)별예♥ 1498위|starah30000|2,969|1,780|177,379|2017-07-27 00:00|43 (35,274)|0 (42,651)|http://stimg.afreecatv.com/LOGO/st/starah30000/starah30000.jpg
170|BJ윤설♥ 1362위|flowerhao|1,181|417|37,808|2017-07-28 14:57|155 (11,272)|103 (7,029)|http://stimg.afreecatv.com/LOGO/fl/flowerhao/flowerhao.jpg
171|BJ뜨밍 1155위|lndian0901|17,361|2,061|1,186,077|2017-07-28 20:07|97 (254,363)|30 (75,948)|http://stimg.afreecatv.com/LOGO/ln/lndian0901/lndian0901.jpg
172|보라님v 1076위|xxxl888|10,488|2,688|612,006|2017-07-27 00:54|54 (112,358)|0 (49,724)|http://stimg.afreecatv.com/LOGO/xx/xxxl888/xxxl888.jpg
173|희주+♥ 1169위|twinklejooo|14,610|1,252|578,260|2017-07-28 00:00|131 (205,182)|45 (58,766)|http://stimg.afreecatv.com/LOGO/tw/twinklejooo/twinklejooo.jpg
174|아루♥ 1183위|white5521|66,972|10,791|5,338,307|2017-07-28 08:13|73 (742,789)|13 (272,299)|http://stimg.afreecatv.com/LOGO/wh/white5521/white5521.jpg
175|꼬희♥ 1237위|gg2222|11,779|2,916|607,229|2017-07-28 09:03|211 (116,129)|169 (63,658)|http://stimg.afreecatv.com/LOGO/gg/gg2222/gg2222.jpg
176|수니ΘεΘ 194위|tni1004|32,943|21,829|8,330,961|2017-07-27 00:00|45 (116,003)|506 (481,712)|http://stimg.afreecatv.com/LOGO/tn/tni1004/tni1004.jpg
177|채우리님♥ 1210위|glgl9122|12,325|2,799|675,796|2017-07-28 00:00|405 (234,934)|19 (41,175)|http://stimg.afreecatv.com/LOGO/gl/glgl9122/glgl9122.jpg
178|SS2써니♡ 1205위|sunnny|3,203|1,473|161,575|2017-07-28 16:16|62 (39,964)|69 (27,817)|http://stimg.afreecatv.com/LOGO/su/sunnny/sunnny.jpg
179|BJ유채린♥ 1299위|aidaid00|12,564|2,423|472,100|2017-07-28 00:00|80 (188,045)|48 (69,841)|http://stimg.afreecatv.com/LOGO/ai/aidaid00/aidaid00.jpg
180|Sia♥ 1228위|yoonina819|39,705|3,227|2,853,392|2017-07-28 21:01|59 (472,442)|15 (218,667)|http://stimg.afreecatv.com/LOGO/yo/yoonina819/yoonina819.jpg
181|102시월이♥ 1446위|ahrasmall|4,409|1,403|263,814|2017-07-28 18:59|49 (81,260)|41 (24,506)|http://stimg.afreecatv.com/LOGO/ah/ahrasmall/ahrasmall.jpg
182|BJ나리 171위|rkswlkim1|19,856|13,738|3,198,120|2017-07-28 20:43|291 (149,525)|240 (220,814)|http://stimg.afreecatv.com/LOGO/rk/rkswlkim1/rkswlkim1.jpg
183|꽃모아 1463위|liid465|3,780|1,595|209,549|2017-07-28 20:30|36 (79,867)|41 (29,839)|http://stimg.afreecatv.com/LOGO/li/liid465/liid465.jpg
184|홍뚜까♡ 1405위|alohayou|4,007|2,090|218,551|2017-07-28 00:00|71 (62,748)|59 (45,730)|http://stimg.afreecatv.com/LOGO/al/alohayou/alohayou.jpg
185|BJ전수아 1324위|nomachannel|52,115|4,747|4,175,423|2017-07-28 00:00|62 (419,625)|31 (211,893)|http://stimg.afreecatv.com/LOGO/no/nomachannel/nomachannel.jpg
186|미지수π 1177위|victoria03|2,706|642|99,704|2017-07-28 21:01|76 (58,233)|14 (16,406)|http://stimg.afreecatv.com/LOGO/vi/victoria03/victoria03.jpg
187|붕어쨔응 1367위|lmhms11|109,442|19,917|19,111,282|2017-07-27 15:03|72 (1,331,962)|0 (1,216,400)|http://stimg.afreecatv.com/LOGO/lm/lmhms11/lmhms11.jpg
188|BJ김유미 1435위|kimyumee|861|351|40,563|2017-07-28 19:47|65 (7,835)|54 (4,221)|http://stimg.afreecatv.com/LOGO/ki/kimyumee/kimyumee.jpg
189|지닝님♥ 1878위|hyj2415|5,986|1,619|270,469|2017-07-27 22:30|58 (63,282)|0 (35,659)|http://stimg.afreecatv.com/LOGO/hy/hyj2415/hyj2415.jpg
190|BJ.소연 1589위|alsdkaksla|1,327|1,166|56,025|2017-07-28 17:02|47 (28,419)|65 (12,205)|http://stimg.afreecatv.com/LOGO/al/alsdkaksla/alsdkaksla.jpg
191|유연이♥ 1313위|wltntpdms|141,379|7,240|17,936,987|2017-07-26 05:45|405 (1,557,606)|0 (732,669)|http://stimg.afreecatv.com/LOGO/wl/wltntpdms/wltntpdms.jpg
192|BJ데이♡ 1502위|day1018|1,828|463|58,111|2017-07-27 18:00|13 (12,964)|0 (6,354)|http://stimg.afreecatv.com/LOGO/da/day1018/day1018.jpg
193|쩡이★ 1251위|anzzungi|7,411|4,100|419,592|2017-07-27 01:12|45 (76,279)|0 (54,356)|http://stimg.afreecatv.com/LOGO/an/anzzungi/anzzungi.jpg
194|박예하 1763위|noirblanc|709|438|30,623|2017-07-27 00:00|24 (11,284)|0 (7,886)|http://stimg.afreecatv.com/LOGO/no/noirblanc/noirblanc.jpg
195|[러브유] 1520위|loveuu|21,453|6,542|1,121,948|2017-07-28 18:04|43 (286,169)|43 (153,568)|http://stimg.afreecatv.com/LOGO/lo/loveuu/loveuu.jpg
196|BJ밀코 1342위|alfzltm159|2,533|511|87,879|2017-07-26 20:59|85 (21,751)|0 (12,135)|http://stimg.afreecatv.com/LOGO/al/alfzltm159/alfzltm159.jpg
197|달나라♥ 1733위|nara98765|2,512|2,109|156,922|2017-07-28 19:21|32 (31,089)|27 (29,332)|http://stimg.afreecatv.com/LOGO/na/nara98765/nara98765.jpg
198|MeU♬ 877위|glowevening|2,512|1,109|196,456|2017-07-28 18:19|45 (34,032)|78 (24,320)|http://stimg.afreecatv.com/LOGO/gl/glowevening/glowevening.jpg
199|★혜지나★ 1584위|jrul428|2,215|1,578|118,003|2017-07-28 21:12|22 (29,463)|16 (22,095)|http://stimg.afreecatv.com/LOGO/jr/jrul428/jrul428.jpg
200|BJ김세라♥ 1395위|miucat0811|68,012|12,409|7,440,119|2017-07-28 00:24|64 (664,630)|19 (261,235)|http://stimg.afreecatv.com/LOGO/mi/miucat0811/miucat0811.jpg
201|최예미♥ 1444위|choimio|82,196|6,092|6,443,293|2017-07-28 00:00|99 (732,270)|47 (462,363)|http://stimg.afreecatv.com/LOGO/ch/choimio/choimio.jpg
202|♡한채연 1633위|dhrfks94|20,113|2,867|1,093,617|2017-07-28 00:00|103 (299,857)|60 (97,099)|http://stimg.afreecatv.com/LOGO/dh/dhrfks94/dhrfks94.jpg
203|김다혜 1725위|hellobaby3|2,004|2,286|147,684|2017-07-28 20:04|26 (74,194)|17 (25,795)|http://stimg.afreecatv.com/LOGO/he/hellobaby3/hellobaby3.jpg
204|BJ쵸나 1871위|nanaioi|713|428|23,495|2017-07-28 20:40|17 (4,151)|30 (4,058)|http://stimg.afreecatv.com/LOGO/na/nanaioi/nanaioi.jpg
205|뿌쭈♥♥ 1485위|mj771228|6,405|4,013|469,488|2017-07-28 00:00|31 (162,984)|41 (90,262)|http://stimg.afreecatv.com/LOGO/mj/mj771228/mj771228.jpg
206|BJ킴시아 1467위|claireclaire|798|101|11,383|2017-07-28 19:30|44 (4,331)|8 (1,484)|http://stimg.afreecatv.com/LOGO/cl/claireclaire/claireclaire.jpg
207|베이지° 1451위|dldudgp2|14,594|1,698|422,373|2017-07-26 00:00|51 (148,552)|0 (72,565)|http://stimg.afreecatv.com/LOGO/dl/dldudgp2/dldudgp2.jpg
208|♡ㅏ미 1506위|jin1572|19,372|3,176|1,998,830|2017-07-28 00:00|67 (279,126)|26 (146,487)|http://stimg.afreecatv.com/LOGO/ji/jin1572/jin1572.jpg
209|제이나;) 1469위|npyfame|425|1,018|13,868|2017-07-25 21:24|7 (4,588)|0 (944)|http://stimg.afreecatv.com/LOGO/np/npyfame/npyfame.jpg
210|리쏨 1525위|sungye1214|5,618|1,665|239,730|2017-07-28 00:00|44 (41,061)|22 (25,863)|http://stimg.afreecatv.com/LOGO/su/sungye1214/sungye1214.jpg
211|＃릴리 2037위|0522olol|2,669|1,287|117,195|2017-07-27 00:00|61 (80,636)|0 (23,646)|http://stimg.afreecatv.com/LOGO/05/0522olol/0522olol.jpg
212|☆천일홍±♪ 1768위|1001red|2,075|1,696|138,258|2017-07-27 00:17|39 (34,760)|0 (31,939)|http://stimg.afreecatv.com/LOGO/10/1001red/1001red.jpg
213|서희님♥ 1797위|lifesegg|1,125|2,951|98,355|2017-07-28 00:00|26 (27,689)|23 (25,753)|http://stimg.afreecatv.com/LOGO/li/lifesegg/lifesegg.jpg
214|네티+ 1766위|dbwls2137|18,985|2,204|1,042,515|2017-07-28 00:05|32 (165,869)|0 (59,666)|http://stimg.afreecatv.com/LOGO/db/dbwls2137/dbwls2137.jpg
215|츄유♥ 1667위|chuyou|9,499|1,955|422,062|2017-07-24 22:00|22 (137,300)|0 (75,368)|http://stimg.afreecatv.com/LOGO/ch/chuyou/chuyou.jpg
216|시은^^ 1647위|rani0224|111,125|8,892|12,106,893|2017-07-27 00:00|107 (1,140,193)|0 (524,910)|http://stimg.afreecatv.com/LOGO/ra/rani0224/rani0224.jpg
217|배청순 1742위|sweetyentia|68,551|17,416|9,566,718|2017-07-26 00:00|30 (1,468,790)|0 (556,004)|http://stimg.afreecatv.com/LOGO/sw/sweetyentia/sweetyentia.jpg
218|봉승아♥ 1881위|svv1004|749|594|25,746|2017-07-28 00:00|30 (7,335)|58 (8,211)|http://stimg.afreecatv.com/LOGO/sv/svv1004/svv1004.jpg
219|비타♥ 1688위|treeking1004|882|2,540|70,162|2017-07-28 00:00|18 (20,268)|5 (19,642)|http://stimg.afreecatv.com/LOGO/tr/treeking1004/treeking1004.jpg
220|bj한가은 1761위|hanyebee|25,456|2,738|1,263,251|2017-07-28 20:16|125 (310,680)|74 (114,183)|http://stimg.afreecatv.com/LOGO/ha/hanyebee/hanyebee.jpg
221|리홀태령 1881위|toyandtoy|699|455|30,783|2017-07-28 20:58|15 (6,823)|12 (6,964)|http://stimg.afreecatv.com/LOGO/to/toyandtoy/toyandtoy.jpg
222|고말숙! 1800위|rhdwn161|142,866|1,866|8,873,192|2017-07-27 01:05|138 (1,252,471)|0 (386,338)|http://stimg.afreecatv.com/LOGO/rh/rhdwn161/rhdwn161.jpg
223|♡BJ김별♡ 1714위|myshcj0614|1,446|233|40,485|2017-07-28 20:12|379 (13,219)|102 (2,973)|http://stimg.afreecatv.com/LOGO/my/myshcj0614/myshcj0614.jpg
224|BJ예르나님 1140위|yrnatv|4,672|2,122|194,137|2017-07-28 00:00|67 (28,141)|112 (46,472)|http://stimg.afreecatv.com/LOGO/yr/yrnatv/yrnatv.jpg
225|한보영♡ 1896위|ahfzkdahfzkd|10,275|6,523|1,118,531|2017-07-27 23:39|47 (183,933)|0 (108,621)|http://stimg.afreecatv.com/LOGO/ah/ahfzkdahfzkd/ahfzkdahfzkd.jpg
226|ⓦⓔⓔⓣ위트 1303위|cjdnlxm|1,380|5,886|107,581|2017-07-28 00:00|25 (18,914)|60 (31,216)|http://stimg.afreecatv.com/LOGO/cj/cjdnlxm/cjdnlxm.jpg
227|[BJ]아라레 2385위|kush100|113|69|2,268|2017-07-28 17:12|23 (525)|45 (585)|http://stimg.afreecatv.com/LOGO/ku/kush100/kush100.jpg
228|BJ차재 2228위|cwsje2|55,448|15,081|7,530,794|2017-07-28 00:38|32 (796,990)|38 (311,879)|http://stimg.afreecatv.com/LOGO/cw/cwsje2/cwsje2.jpg
229|도예븐 1784위|joo17153|16,140|2,395|569,295|2017-07-27 00:00|54 (167,335)|0 (72,515)|http://stimg.afreecatv.com/LOGO/jo/joo17153/joo17153.jpg
230|수국2 2201위|tn105|15,708|8,068|1,581,672|2017-07-28 00:00|34 (223,834)|36 (133,040)|http://stimg.afreecatv.com/LOGO/tn/tn105/tn105.jpg
231|미유님♥ 1793위|miyu1114|65,624|3,260|4,418,394|2017-07-28 21:14|441 (931,793)|24 (380,976)|http://stimg.afreecatv.com/LOGO/mi/miyu1114/miyu1114.jpg
232|신츄아+♥ 1867위|sca0512|4,511|1,036|221,344|2017-07-27 21:54|23 (118,583)|0 (24,110)|http://stimg.afreecatv.com/LOGO/sc/sca0512/sca0512.jpg
233|BJ은희 2180위|star3747|3,220|2,349|172,136|2017-07-26 00:00|48 (38,301)|0 (18,721)|http://stimg.afreecatv.com/LOGO/st/star3747/star3747.jpg
234|♥시링♥ 1851위|hansil1|47,626|5,259|3,248,824|2017-07-26 00:00|142 (514,314)|0 (285,080)|http://stimg.afreecatv.com/LOGO/ha/hansil1/hansil1.jpg
235|치이♡♥ 1927위|lassia|4,286|10,733|512,700|2017-07-28 00:21|3 (77,395)|28 (50,903)|http://stimg.afreecatv.com/LOGO/la/lassia/lassia.jpg
236|채비♥ 1950위|clr231026|21,508|2,810|1,612,923|2017-07-26 14:55|68 (302,120)|0 (137,018)|http://stimg.afreecatv.com/LOGO/cl/clr231026/clr231026.jpg
237|유나연♡ 2325위|gayun9511|5,679|1,690|278,904|2017-07-28 20:29|23 (83,489)|25 (38,103)|http://stimg.afreecatv.com/LOGO/ga/gayun9511/gayun9511.jpg
238|BJ루나Å 2136위|qmffld09|102,427|21,313|27,611,941|2017-07-25 19:48|38 (1,329,392)|0 (1,727,621)|http://stimg.afreecatv.com/LOGO/qm/qmffld09/qmffld09.jpg
239|마성의 사슴 2341위|beatjungle1|260,009|10,992|41,367,385|2017-07-21 22:22|317 (6,573,935)|0 (2,412,099)|http://stimg.afreecatv.com/LOGO/be/beatjungle1/beatjungle1.jpg
240|윤꼬♥ 2187위|dewbelle|531|628|27,781|2017-07-28 00:00|16 (5,535)|13 (8,890)|http://stimg.afreecatv.com/LOGO/de/dewbelle/dewbelle.jpg
241|라헬я 2225위|282282|9,240|3,007|582,260|2017-07-28 16:58|66 (123,087)|60 (60,893)|http://stimg.afreecatv.com/LOGO/28/282282/282282.jpg
242|[BJ]달둥 2292위|qpqpz0415|1,419|1,173|95,408|2017-07-28 00:10|52 (15,026)|47 (13,988)|http://stimg.afreecatv.com/LOGO/qp/qpqpz0415/qpqpz0415.jpg
243|수지-3-♥ 2406위|yscrs|3,117|6,415|424,723|2017-07-28 21:13|38 (87,128)|17 (46,939)|http://stimg.afreecatv.com/LOGO/ys/yscrs/yscrs.jpg
244|BJ*벨라* 2029위|whiteang|7,070|1,402|445,133|2017-07-28 06:40|139 (97,373)|12 (21,400)|http://stimg.afreecatv.com/LOGO/wh/whiteang/whiteang.jpg
245|남덕선 786위|rnaqpdrjf|7,445|2,394|710,609|2017-07-27 00:00|96 (106,922)|0 (51,804)|http://stimg.afreecatv.com/LOGO/rn/rnaqpdrjf/rnaqpdrjf.jpg
246|져니v 2296위|qwe842|35,405|6,014|2,490,052|2017-07-28 21:05|186 (480,317)|32 (172,869)|http://stimg.afreecatv.com/LOGO/qw/qwe842/qwe842.jpg
247|소월이:) 2432위|thddl58|333|395|13,243|2017-07-28 12:20|36 (2,551)|52 (2,587)|http://stimg.afreecatv.com/LOGO/th/thddl58/thddl58.jpg
248|크림♥ 2153위|iamcream|4,665|926|250,844|2017-07-28 03:31|85 (85,250)|29 (14,776)|http://stimg.afreecatv.com/LOGO/ia/iamcream/iamcream.jpg
249|달래☞♥ 1271위|dovob222|22,614|1,879|595,514|2017-07-28 14:19|213 (216,434)|86 (69,862)|http://stimg.afreecatv.com/LOGO/do/dovob222/dovob222.jpg
250|모델김라라 2174위|kimrara|36,081|6,478|2,218,507|2017-07-28 00:00|60 (485,873)|9 (156,094)|http://stimg.afreecatv.com/LOGO/ki/kimrara/kimrara.jpg
251|케이트≪튠≫ 2388위|zest20|73,062|30,193|16,257,584|2017-07-28 20:06|14 (577,066)|18 (955,063)|http://stimg.afreecatv.com/LOGO/ze/zest20/zest20.jpg
252|♡현블리♡ 2243위|charm7330|2,379|1,549|151,322|2017-07-28 00:00|59 (35,949)|20 (23,151)|http://stimg.afreecatv.com/LOGO/ch/charm7330/charm7330.jpg
253|잇트♡ 5152위|ghksi77|707|5,305|82,887|2017-07-27 00:00|48 (14,178)|62 (14,195)|http://stimg.afreecatv.com/LOGO/gh/ghksi77/ghksi77.jpg
254|티엔느 2606위|akstptkfkd|569|308|17,066|2017-07-27 00:24|12 (5,442)|0 (4,197)|http://stimg.afreecatv.com/LOGO/ak/akstptkfkd/akstptkfkd.jpg
255|유니비♥ 2327위|sbnr823|1,837|585|85,693|2017-07-28 19:41|32 (19,134)|28 (8,096)|http://stimg.afreecatv.com/LOGO/sb/sbnr823/sbnr823.jpg
256|BJ서이♡ 2485위|daffodil0430|2,081|1,252|95,143|2017-07-25 00:00|17 (24,795)|0 (31,225)|http://stimg.afreecatv.com/LOGO/da/daffodil0430/daffodil0430.jpg
257|BJ나희 2398위|lovely1212|6,828|2,134|308,421|2017-07-28 00:00|29 (131,196)|25 (41,436)|http://stimg.afreecatv.com/LOGO/lo/lovely1212/lovely1212.jpg
258|♡현이님♡ 2469위|gusdl0389|1,158|860|65,538|2017-07-28 21:24|12 (23,399)|4 (10,715)|http://stimg.afreecatv.com/LOGO/gu/gusdl0389/gusdl0389.jpg
259|[BJ반여림] 2359위|sjdmlquf23|43,203|3,474|4,555,359|2017-07-27 21:47|158 (699,724)|0 (185,398)|http://stimg.afreecatv.com/LOGO/sj/sjdmlquf23/sjdmlquf23.jpg
