s_name,time,name,ares,money,company,people,fuli,describes,url
数据分析,10-16发布,数据分析师,广州,3.5-4.5千/月,中国检验检疫学会质量诚信建设委员会,招聘1人,
五险一金;
餐饮补贴;
年终奖金;
定期体检;
周末双休;
;,
职位描述：
						岗位职责：1. 对目标企业整体运营数据的采集、统计；2.结合业务发展和风险控制，分析运营数据；3.审核认定并分析企业是否符合标准；4.完成领导交代的各项事务。岗位要求：1.经济管理、财会、数理统计等相关专业本科以上学历；2.有相关专业资质和工作经验者优先；3.较强的沟通能力、团队合作精神，抗压性强，乐意接受挑战；4.优秀的数据分析能力和文字组织及表达能力。5.男身高172cm以上，女身高160cm以上。						
												

职能类别：
风险管理/控制





,http://jobs.51job.com/guangzhou/75814053.html?s=01&t=0
数据分析,10-16发布,Sr.PPC生产计划专员-产能分析（欢迎擅长数据分析者）,广州-南沙区,3-4.5千/月,艾利（广州）包装系统产品有限公司,招聘1人,
周末双休;
带薪年假;
五险一金;
高温补贴;
节日福利;
住房补贴;
加班补贴;
免费班车;
包三餐;
绩效奖金;
;,
职位描述：
						Sr.PPC 高级生产计划专员-产能分析（欢迎擅长数据分析者）工作地点：广州市南沙经济开发区广意路9号 （新厂）公司有饭堂，一日三餐包吃，提供住房补贴，行政部会推荐附近房子，介意地点者勿投。职位要求：-负责生产线产能分析，制定长时间生产计划、数据分析、销售目标预测，回复交期；’-指定生产排期，根据产能合理规划生产，指导生产意见，协调现场把控，促使生产部达到生产lead time;- 积极参加公司各类型改善项目和活动, - 需参加公司组织的IS09001、FSC 、EHS基本知识及相关程序、工作指引的培训，并在实际工作按照程序、工作指引要求进行工作;- 上司安排的其它本职相关工作。职位要求：- 大专或以上学历；两年以上产能分析经验，有制造业经验优先考虑，欢迎擅长数据分析者。- 良好的英文读写能力，prefer英语四级以上;- 熟悉电脑常用软件如Excel &amp;amp; Word的操作；- 做事认真负责,细心度良好;- 良好的逻辑思维能力，条理性及前瞻性，具有问题解决能力。						
												

职能类别：
生产计划/物料管理(PMC)
国内贸易人员


关键字：
计划
跟单
年终双薪
奖金丰厚
房补
员工旅游
定期体检
补充医疗保险





,http://jobs.51job.com/guangzhou-nsq/90139636.html?s=01&t=0
数据分析,10-16发布,助理数据分析师\数据统计专员\数据处理,广州-天河区,5-6千/月,沃丁信息技术（深圳）有限公司,招聘5人,
做五休二;
弹性工作;
带薪年假;
五险一金;
专业培训;
节日福利;
全勤奖;
员工旅游;
;,
职位描述：
						岗位职责：1、协助负责平台所有理财产品的业务数据分析，主题分析和数据可视化方案制定；2、依据平台现有数据，协助完成平台数据走势预测；3、通过数据分析，向运营人员提出运营策略的合理性建议；4、负责数据整合与分析模型的建立，优化以及跟进。任职要求：1、大专及以上学历，欢迎应届毕业生；2、热爱数据分析，对数字有一定的敏感性；3、认真负责，具有团队精神。公司薪酬：1、完善的工资体系，有多种公司福利；2、丰富的工资薪酬，多样化的员工活动；3、巨大的晋升空间，内部提拔。工作时间：周末双休，早九晚六。						
												

职能类别：
统计员
大学/大专应届毕业生


关键字：
数据分析
统计员
互联网分析
电商数据分析
大数据
分析师助理
实习生





,http://jobs.51job.com/guangzhou-thq/91064236.html?s=01&t=0
数据分析,10-16发布,急聘商品数据分析,广州-番禺区,4.5-6千/月,广州思为时尚科技有限公司,招聘1人,
弹性工作;
五险一金;
加班补贴;
;,
职位描述：
						岗位职责：1、负责公司相应门店货品的日常调配、分配管理、确保门店进销存合理2、对整体货品及终端单店货品销售及库存状况进行跟踪分析;3、建立商品档案，依据货品库存及销售情况，掌控商品上架节奏4、对零售终端对货品接受、调配、归并、调价等指令的执行情况进行监督检查;5、对各店铺商品销售进、销、存数据进行统计分析，并对各门店商品进行调整归并;6、 商品销存明细的统计及分析并上报（周报、月报、阶段性上市情况）;7、按时完成上级领导安排的其它临时性及阶段性的工作。岗位要求：1、能熟练运用erp及office软件;2、拥有较强的数据分析和理解能力，擅长商品需求结构规划，熟悉进销存测算与数据分析;3、较好的逻辑思维能力，沟通能力、判断力和主动性;4、清楚掌控商品的销售动态;观察、分析能力强，能针对销售数据的变化，提出对策;具有丰富服装的常识;对市场有敏锐的洞察能力;5、具有独立的分析和解决问题的能力;严谨、务实、工作细致，良好的沟通技巧和说服能力，能承受工作压力。6、2年以上相关岗位工作经验，有服装行业经验者优先。						
												

职能类别：
产品经理/主管
市场分析/调研人员


关键字：
数据分析师
商品专员
门店零售
资深数据分析
商品数据分析
商品专员





,http://jobs.51job.com/guangzhou-pyq/91388047.html?s=01&t=0
数据分析,10-16发布,数据分析工程师,广州-天河区,0.8-1万/月,北京宇华永信分析科技有限公司,招聘1人,
五险一金;
定期体检;
年终奖金;
专业培训;
通讯补贴;
;,
职位描述：
						工作职责：1、负责业务调研、需求分析以及为客户提供解决方案、技术支持；2、参与数据分析挖掘及咨询服务项目方案的设计和实施工作；岗位要求：1、统计学、数学或计算机专业本科及以上学历；2、 熟练掌握业内主流的数据挖掘工具，如SAS、SPSS Clementine等；通过SAS考级认证（BASE及以上）者优先；3、有较强的编程能力，有数据分析编程开发工作经验者优先；4、英文良好，具备资料阅读和翻译能力；5、工作认真细心，责任心强，良好的沟通技巧和推动能力；6、可长期出差；7、有电信、金融、保险等行业客户分析经验者优先；8、工作年限不限；9、***；公司介绍：牋牋牋牋北京宇华永信分析科技有限公司是一家专注于大数据挖掘及相关业务咨询服务的公司，提供针对精准营销、A-CRM、决策支持、BI等领域的大数据挖掘及配套业务咨询的完整解决方案。方案主创团队有十五年以上的领先数据挖掘厂商的从业经验和丰富的大型数据挖掘项目经验；项目的经验覆盖了电信、金融、媒体调研、政府等行业，为各类客户提供针对性的数据挖掘解决方案。团队凭借深厚的技术能力和专注的行业经验，致力于打造产品化的数据挖掘解决方案，通过构造整合的数据-分析-业务提升的引擎，将数据挖掘的灵活创新特点与IT系统的高度规范化、可靠性和可复制性有机地结合起来。宇华永信团队在十多年的项目实践中，兼顾专业与创新，帮助客户和合作伙伴打造了银行业精准营销分析平台、移动用户生活圈和手机上网偏好分析系统 等多项数据挖掘创新系统，在客户中取得了良好口碑。宇华永信秉持“做精做专”的理念，在合作伙伴中也建立了长久的信誉。宇华永信当前的团队有丰富的项目设计实施经验，特别是以SAS为开发工具的数据分析和决策支持类项目经验，项目案例包括金融、电信、政府和传媒行业。						
												

职能类别：
软件工程师
高级软件工程师


关键字：
数据挖掘
大数据分析
SAS认证
运营商经验
金融经验
保险经验
海关经验
数学统计学





,http://jobs.51job.com/guangzhou-thq/93886848.html?s=01&t=0
数据分析,10-16发布,外贸电商产品开发专员/数据分析师,广州-白云区,5-7千/月,广州云鹭庭贸易有限公司,招聘2人,
五险一金;
员工旅游;
专业培训;
出国机会;
绩效奖金;
年终奖金;
全勤奖;
带薪假期;
节日福利;
;,
职位描述：
						岗位职责1、市场调研：熟悉国外主流电商平台，关注市场动态，了解消费者需求，评估市场容量；2、开发平台热销产品，竞品分析，及时了解平台政策变化及跟踪竞争对手信息；3、追踪、搜集、分析、汇总及考察评估新产品的信息，提炼新产品卖点，规划产品线及产品策略；4、完成产品的数据搜集和数据分析处理，撰写相关分析报告；任职资格1、本科及以上学历，英语六级起，有电子商务从业经验者优先；2、熟练使用EXCEL进行数据分析相关工作；3、数据分析能力和数据敏感度强，能够从数据中发现问题，具备较强的思维逻辑能力；4、工作积极主动,责任心强,敢于挑战自我，能承受工作压力；5、愿意与公司共同发展，具备在公司的平台上实现个人价值的积极心态；工作时间：周一到周五朝9晚6，周末单双休制，单休休一天半联系人：吕小姐						
												

职能类别：
产品专员
市场分析/调研人员


关键字：
产品开发
数据分析
电子商务





,http://jobs.51job.com/guangzhou-byq/92295133.html?s=01&t=0
数据分析,10-16发布,数据分析/统计员,广州,3-4.5千/月,广州市点都德饮食有限公司,招聘2人,
包吃三餐;
月休六天;
全勤奖;
节日福利;
;,
职位描述：
						岗位职责：1、完成公司各项业务运作指标的监控；2、门店各类退单数据报表的汇总及分析；3、完成上级分配的其它工作。任职资格：1、中专以上学历，20-30岁；2、熟练使用EXCEL；3、做事认真细致，责任心强；                                                                    4、良好的沟通能力和团队协作精神；                                                                 工作时间：8:30-17:30或9:00-18:00，月休4天，包吃午餐和晚餐。						
												

职能类别：
统计员





,http://jobs.51job.com/guangzhou/94636366.html?s=01&t=0
数据分析,10-16发布,海外数据分析,广州,6-8千/月,名创优品股份有限公司,招聘若干人,
五险一金;
餐饮补贴;
专业培训;
出国机会;
绩效奖金;
带薪年假;
节日福利;
;,
职位描述：
						岗位职责：1、负责对公司总仓、店铺商品安全库存的计划数据与监控管理；2、负责设置、监控、分析全店商品库存销售等数据分析；3、安全库存数据范围内，进行区域商品订货补货工作；4、负责全店商品结构设置及订货工作；5、根据市场需求做周、月店铺库存优化分析工作，实时进行品类优化调整；6、负责区域滞销商品情况分析，组织，指导处理分店的滞销库存，减少分店商品的滞销；7. 处理相关文件工作。任职要求：1、1年以上工作经验，熟练运用Excel的无经验毕业生也考虑。2、较强的逻辑思维能力，有从事数据分析，报表制作的工作经验。3、CET6 /TEM 4以上英语水平，英语读写流利优先考虑。4、做过快销领域的销售数据分析的优先考虑。						
												

职能类别：
业务分析专员/助理
生产计划/物料管理(PMC)


关键字：
Excel
数据分析
数据处理
库存管理
Vlookup





,http://jobs.51job.com/guangzhou/94935219.html?s=01&t=0
数据分析,10-16发布,数据分析师,广州-天河区,4-7千/月,北京宏达隆和科技有限公司,招聘1人,
五险一金;
餐饮补贴;
员工旅游;
定期体检;
项目奖金;
年终奖金;
周末双休;
过节福利;
周下午茶;
;,
职位描述：
						岗位职责：1. 深入了解业务数据情况，运用多维度进行组合分析、挖掘、深度分析数据；2. 有主动意识地跟踪、分析数据、指标变化，并深入分析、定位问题、优化现状和编写报告；3. 根据具体业务场景及其相关数据分析研究，参与数据体系建设，并提出建议；4. 支撑业务部门的报表处理及数据需求；5. 协助完成周报、月报等周期分析报表，并能将发现有问题推动解决。岗位要求：1.大专以上学历，1年以上数据分析工作经验，有数据挖掘经验优先，优秀应届毕业生亦可；2.熟练使用Microsoft Office中各种办公工具且需要熟练掌握Excel及其函数;3.熟悉SQL Server、MYSQL数据库软件，会使用Python者优先；4.具有严谨的逻辑思维能力，优秀的学习能力、良好的语言表达能力；5.了解统计学常识，可以利用统计学相关知识服务于工作；6.有团队思维，有创新思维，能很好的融入团队；7.注重团队协作，执行力强，抗压能力强；8.学习意愿、沟通能力强，能快速理解熟悉业务逻辑。						
												

职能类别：
数据库工程师/管理员


关键字：
数据分析师
数据分析





,http://jobs.51job.com/guangzhou-thq/94935153.html?s=01&t=0
数据分析,10-16发布,数据分析师,广州,1-1.5万/月,广东蔚海移动发展有限公司,招聘1人,
五险一金;
餐饮补贴;
周末双休;
节日福利;
年终奖金;
;,
职位描述：
						岗位职责：1、海量数据收集和传输系统的设计和开发；2、在线和离线海量数据分析平台的设计和开发，多维度海量数据查询支持；3、实时数据分析系统，流式计算系统的设计和开发；4、大规模数据挖掘和机器学习算法的设计和实现。岗位要求：1、本科及以上学历，计算机、通信工程相关专业；2、熟悉Linux/Unix平台上的C/C++ 或Java编程，熟悉脚本编程；3、熟悉常用算法和数据结构，熟悉网络编程、多线程编程技术；4、乐于学习新的知识，动手能力强，有进取心，责任心强；5、良好的团队合作精神，较强的沟通能力。具备以下资格优先：1、有分布式相关项目（如分布式存储/分布式计算/高性能并行计算/分布式Cache）经验；2、有互联网数据挖掘和机器学习相关项目经验；3、熟悉分布式系统概念、架构，有大规模分布式系统设计、实现、部署等经验；4、有非常丰富的在Linux/Unix下工作的经验；5、有大型互联网公司相关工作经验。						
												

职能类别：
其他





,http://jobs.51job.com/guangzhou/94331926.html?s=01&t=0
数据分析,10-16发布,WXG01-111 数据分析师 (职位编号：33326),广州,null,深圳市腾讯计算机系统有限公司,招聘3人,null,
职位描述：
						搭建和完善业务的基础数据指标体系、用户行为数据指标体系；分析业务数据，从中发现问题、研究问题并探索解决方案；设计AB测试实验方案以验证问题和分析结果，并将实验分析结果转化为可行的产品和运营策略；支持和增强业务的数据分析和数据决策能力大学本科以上学历，计算机科学、信息科学、人机交互、统计学、应用数学等领域专业；1年以上数据分析工作经验；1年以上为产品、运营或其他部门提供分析性洞察和报告的经验；有设计和分析AB 测试实验的经验；熟练掌握SQL或其他数据库语言；熟练使用Python或Perl等脚本语言；熟练使用R、SAS或Matlab 等统计分析工具；熟练使用EXCEL或Tableau等数据可视化工具；有较强的数据洞察力、逻辑思维能力和分析总结能力；有良好的团队沟通和团队协作能力符合以下条件优先：硕士以上学历有Hive、Hadoop、Spark等平台的海量数据处理经验；有社交领域数据驱动或增长黑客经验


职能类别：
高级软件工程师
数据库工程师/管理员





,http://jobs.51job.com/guangzhou/94925119.html?s=01&t=0
数据分析,10-16发布,java数据分析工程师,广州-天河区,1.5-2万/月,广州市康诚信息科技有限公司,招聘3人,
五险一金;
绩效奖金;
弹性工作;
专业培训;
定期体检;
;,
职位描述：
						工作职责：1、将文本式的汽车案例数据进行结构化或半结构化存储，以备日后分析。2、使用ETL工具对Mysql中的数据进行处理。3、学习、研究贝叶斯概率算法及其应用。4、使用 java 在现存大量案例的基础上进行贝叶斯推导。要求：1、计算机、统计、数学相关专业，专科以上学历，3年以上工作经历；2、扎实的数学基础，熟悉概率和数值计算。熟悉贝叶斯，有数据分析和机器学习的实际工作经验者优先；3、对数据分析、挖掘、机器学习有浓厚的兴趣，并且将其作为自己主要的发展方向。4、有强烈的责任心和上进心，发自内心想要成为公司的骨干，成为公司数据分析方向的大牛，将来能够带领团队。5、熟悉 java 语言，有3年以上 java 开发经验（如果是数学专业，该条件可以适当放宽）；6、熟悉Mysql数据库；熟悉 MongoDB 或者其它非关系型数据库。7、该岗位是做公司内部汽车产品和软件的研发，有相关行业经验优先。薪酬福利：1、加入优秀的创业团队；2、创造力和人性化的工作环境；3、提供培训和学习机会；4、五险一金；5、绩效奖金；6、优秀者按岗位级别提供期权；公司简介：广州瑞修得信息科技有限公司是2014年成立的互联网+创业公司，专业从事车辆诊断服务。公司研发潜力强大，产品技术涉及硬件、PC客户端、手机APP和网络服务后台。做商用车售后技术支持的No.1,是我们这个阶段的目标。联系人：蓝生    联系电话 139 2423 2151  联系邮箱：278035620@126.com						
												

职能类别：
数据库工程师/管理员
高级软件工程师





,http://jobs.51job.com/guangzhou-thq/91487277.html?s=01&t=0
数据分析,10-16发布,数据分析师 (职位编号：gzcb001646),广州-天河区,15-30万/年,广州银行信用卡中心,招聘若干人,
五险一金;
交通补贴;
餐饮补贴;
专业培训;
绩效奖金;
年终奖金;
弹性工作;
定期体检;
;,
职位描述：
						岗位职责:<p>工作职责：1、信用卡以及消费信贷业务的基础数据建设。包含数据模型，维护数据质量，推动整合数据资源等，为公司量化决策管理提供支撑。2、决策支持。为公司各业务部门提供报表开发以及支撑公司各业务部门的运营需求等。3、主导业务专题分析。为公司各部门分析业务状况，推动业务部门的优化。4、参与量化模型开发与维护。为市场、风险等核心业务部门提供模型支持。5、项目支持。参与团队的运营优化、BI系统建设、营销自动化等项目；对公司的客户价值经营、风险定价、客户挽留、市场营销策略等重点项目提供支持。 任职资格:<p>1、本科及以上学历，数理统计、计算机等专业优先（硕士优先考虑）。 2、熟悉主流的机器学习算法，有过项目实践者优先。3、1-5年内工作经验（可接受优秀应届生）。 4、精通一门编程语言，熟悉运用SAS、SQL或Python更佳。5、逻辑严谨，具备一定的数据分析能力与执行力，沟通能力良好，愿意理解业务场景。


职能类别：
算法工程师


关键字：
数据分析
建模
编程
算法
SAS
sql
数据挖掘
Python





,http://jobs.51job.com/guangzhou-thq/87157715.html?s=01&t=0
数据分析,10-16发布,金融数据分析师 底薪6000起 朝九晚六 五险,广州-天河区,6-8千/月,广州中睿合创投资管理有限公司,招聘5人,
五险一金;
补充公积金;
员工旅游;
交通补贴;
年终奖金;
绩效奖金;
出国机会;
专业培训;
弹性工作;
朝九晚六;
;,null,http://jobs.51job.com/guangzhou-thq/94929852.html?s=01&t=0
数据分析,10-16发布,数据分析师/数据专员,广州-天河区,6-8千/月,尚德机构,招聘1人,
五险一金;
绩效奖金;
;,
职位描述：
						【前言】如果你对自己玩转Excel的能力足够自信,如果你对数据处理和数据分析足够兴趣,如果你对枯燥的数据工作能保持足够的热情,那么，这里很有可能是你理想的归宿....【薪资福利】岗位薪资+岗位绩效+年终奖+生日福利+节日福利  (月薪约3-6K之间)【岗位职责】*基于业务的需要,构建不断增长的数据分析需求模型,并制作报表*维护既有的数据业务报表,并进行合理升级*处理基于销售端的在线、电话咨询数据,定期发布销售报表(注:报表基于Excel格式,单文件大小在5-20M)【职位要求】*必须技能：必须精通Excel,必须精通Excel相关的函数公式、数据透视、图表功能等.&lt;常用函数&gt; sumifs,countifs,vlookup,if,index,match,find,or,and等数十个。*本科以上学历,工作经验不限 , 数学、统计、市场营销专业优先 .*具有良好的数学建模能力和数据分析能力,对数字敏感,逻辑思维严密.*有良好的团队协助和较强的沟通能力.*好专研,抗寂寞,耐得住枯燥的数据处理工作.						
												

职能类别：
售前/售后技术支持工程师
业务分析专员/助理


关键字：
数据分析
数据专员
数据分析师
EXCEL
VBA
函数公式
数据透视
图表功能





,http://jobs.51job.com/guangzhou-thq/58518660.html?s=01&t=0
数据分析,10-16发布,分析师助理/数据分析助理（永不加班+高薪+双休）,广州-天河区,6-8千/月,广州和晟实业投资有限公司,招聘若干人,
五险一金;
补充医疗保险;
补充公积金;
员工旅游;
专业培训;
出国机会;
绩效奖金;
年终奖金;
股票期权;
弹性工作;
;,
职位描述：
						职位描述：1、搜集相关金融信息，分析金融市场未来走势2、负责为客户提供专业的投资理财建议，并制定相应的投资方案及策略；3、负责公司金融产品投资客户在每个交易日的策略或建议；4、实时跟进公司操作策略，引导客户交易.5、能够稳定盈利、业绩优秀的分析员，我们提供广阔的个人职业发展空间，并有机会晋升为管理人员；职位要求：1、具有较强的逻辑思维能力，文字表达能力和分析能力；2、沟通能力强，责任心强；具备服务意识和团队合作精神；3、具有对金融市场较深刻的认识和准确的判断能力；4、对金融行业有浓厚的兴趣。应届生亦可。完善的薪酬福利制度：（1）丰厚的薪酬；基本工资3000+高提成+年终奖金+盈利分红--杰出表现者可轻松过万（2）按照国家规定，享有各种法定假期、婚假、产假（陪产假）、恩恤假（3）定期举行团队活动及一年一次组织员工集体旅游优秀者年收入可达20万元以上（含五险一金）工作时间：周一至周五，早上9：30~5：30；周末双休；享受国家公共假期。经我司录用的员工，公司将为其提供广阔的事业平台，提供专业的培训体系，根据员工的职业生涯规划，提供专业知识，投资理财等全方位的培训，工作表现优秀者公司安排派驻美国学习进修。※特别声明：1、请求职人员认真阅读本公司招聘介绍，如本公司职位与您的职业生涯规划相符，欢迎应聘。2、聘用职位性别不限，一经录用，公司将提供免费岗前培训及晋升机会。3、请勿重复投简历，否则将会对你的录用带来不便。公司名称：广东和晟实业投资有限公司联 系 人：理财8部 廖先生 18620123910公司地址：广州天河区天河路240号丰兴广场C座18整层乘车路线：地铁3号线石牌桥站B出口（公交BRT石牌桥站）						
												

职能类别：
股票/期货操盘手
证券/期货/外汇经纪人


关键字：
金融
外汇
黄金
操盘手
双休
理财
期货
白领
交易员
实习生





,http://jobs.51job.com/guangzhou-thq/94916753.html?s=01&t=0
数据分析,10-16发布,数据分析员（商品专员）,广州-天河区,4-8千/月,广州市爵士丹尼服饰有限公司,招聘1人,
五险一金;
餐饮补贴;
;,
职位描述：
						工作职责：<div>1、数据采集工作，按时提取日、周、月报数据，做出对比分析。<div>2、汇总数据并做出相应的数据报表，并与同期日、周、月销售数据的对比，进行销售数据分析；<div>3、负责各类产品数据的整理、汇总和分析处理工作，及时向公司领导及有关部门上报信息数据；<div>4、了解、熟悉货品价格体系及促销实际情况；<div>5、负责每日、周、月将各区域、各品类、各货号、各颜色进行销售排名，按数量、按金额、整理滞销品与畅销品明细；<div><div>任职要求：<div>1、大专或以上学历，有商品分析，货品管控工作经验；<div>2、熟悉ERP软件，并精通运用EXECL进行数据分析及透视，能结合数据及调研结果做出客观分析、预测；<div>3、有较强的数据敏感度，熟悉服装行业货品管理知识。<div>4、有较强沟通能力，及团队协作精神，富有责任心。<div><div>


职能类别：
业务分析专员/助理
市场分析/调研人员





,http://jobs.51job.com/guangzhou-thq/63852855.html?s=01&t=0
数据分析,10-16发布,（非销售岗位）数据分析师（互联网金融+免费培训）,广州-天河区,1-1.5万/月,广州和晟实业投资有限公司,招聘若干人,
五险一金;
弹性工作;
定期体检;
专业培训;
补充公积金;
出国机会;
绩效奖金;
年终奖金;
股票期权;
员工旅游;
;,
职位描述：
						1、学习理财技能，为自己未来人生路上储备一技之长.2、维持客户关系,助客户财富增长，共赢做大做强3、负责为客户提供外汇理财咨询、建议服务，制定相应的投资组合和策略4、负责保持与客户沟通联系，为客户提供金融分析软件等服务5、负责为客户提供完善的理财计划及信息咨询6、负责根据客户的委托，帮助客户实施理财计划7、负责对公司理财产品能够全力宣传、推广、销售任职资格：1、中专或以上学历，有管理能力者，优秀应届毕业生优先，有炒股经验者条件放宽2、敢想，敢做，有野心挑战高薪的你欢迎加入3、热爱金融，对金融行业未来前景有清晰的认识，并愿意扎根下去，立足做大做强4、公司提供全方位培训，提供无限晋升发展舞台，任你挥洒薪酬待遇：1、一经录用，公司将提供全套完善的金融专业知识及销售技能培训，并提供畅通公平的晋升空间；2、上班时间：周一至周五，早上9：30~5：30；周末双休；享受国家公共假期；3、公司交通便利，办公环境舒适，定期组织员工活动，供员工免费旅游或聚餐；4、底薪5000元+高佣金+盈利分成+奖金+津贴+国内外旅游+升职职业发展与规划：职业前景：每名雇员都会得到重视，通过不断的学习和努力，每个人都将拥有广阔的职业发展空间。个人与职业道德：我们希望所有雇员都要遵守高度的个人与职业道德。工作环境：舒适的办公环境，1000平米办公场地，良好的工作氛围，互帮互助的学习热潮，公司有冰箱，微波炉，方便我们的同仁。职位培训：优秀的导师，资深的专业人士，定期提供给您多种技术培训，助您自我提高实战投资技能。薪酬福利：具有业界竞争力的薪酬和各种福利。底薪＋高佣金+丰厚奖金＋职位晋升＋季度旅游＋年终业绩分红。优秀员工可直接派往各分公司担任高管，负责分公司全面工作，工作优异的员工或管理人员将会享有派往华尔街总部学习进修的机会。晋升机制：我们提供规范的员工晋升机制，以及人才选拔和培养机制。特别声明：1、请求职人员认真阅读本公司招聘介绍，如本公司职位与您的职业生涯规划相符，欢迎应聘。2、聘用职位性别不限，一经录用，公司将提供免费岗前培训及晋升机会。3、请勿重复投简历，否则将会对你的录用带来不便。公司名称：广东和晟实业投资有限公司面试部门： 理财七部 李总 18027185027公司地址：广州市天河区天河路240号丰兴广场C座18楼整层乘车路线：BRT石牌桥站，地铁三号线石牌桥站B出口有意应聘者，可以携带个人简历以及身份证亲临公司预约面谈，投简历后一两日内会有人联系你，请保持电话畅通职能类别：投资/理财顾问 其他关键字：实习生 分析师 投资 操盘手						
												

职能类别：
证券/期货/外汇经纪人
投资/理财顾问


关键字：
金融
外汇
现货
操盘手
实习生
分析师
周末双休
交易员
非销售
理财





,http://jobs.51job.com/guangzhou-thq/94399535.html?s=01&t=0
数据分析,10-16发布,商品数据分析,广州-荔湾区,3-4.5千/月,广州品好尚信息科技有限公司,招聘1人,
员工旅游;
通讯补贴;
专业培训;
全勤奖;
;,
职位描述：
						工作职责：1、负责生产进度的编制与生产指令的发布及执行的进度跟踪直至达成；2、做好订单的评审、生产前的打样安排、确认、生产各环节的进度物料供应、工艺组织布置、品质状况跟踪落实；3、依据生产计划的完成情况、采购物资供应情况，合理调整生产计划达成出货要求；4、建立供应商评估资料及价格记录，平衡供与需之间的关系；5、协助配合应付款整理、审查和商品各类数据报表整理。6、协助完成上司委派工作事项。任职要求：1、熟悉Excel、Word及PPT的操作；2、熟悉服装公司商品生产、运营流程的优先工作时间：大小周工作制						
												

职能类别：
生产文员
生产计划/物料管理(PMC)





,http://jobs.51job.com/guangzhou-lwq/93953089.html?s=01&t=0
数据分析,10-16发布,数据统计员/数据分析/中台,广州-白云区,3.5-5千/月,广州人仁股信息科技有限公司,招聘1人,
五险一金;
专业培训;
绩效奖金;
;,
职位描述：
						岗位职责：1.负责业务部门数据采集、整理、统计与分析工作；2.负责业务部门收益核算与分析；3.负责运营数据监控，并做好每日、周、月的数据报告；4.完成其他数据的支持工作；5.完成上级领导安排的其他的事项。6.仅限***任职要求：1.大专及以上学历，在互联网公司从事相关工作者优先；2.具备良好的沟通与协调能力，较好的逻辑思维能力、数据处理及综合分析能力；3.工作细心，有团队精神，具备良好报告书写能力；4.对数据敏感，熟悉excel函数单项运用及组合运用。5.有美团、大众点评、糯米、口碑网、淘点点等相关从业经验者直接面谈；						
												

职能类别：
业务分析经理/主管
业务分析专员/助理





,http://jobs.51job.com/guangzhou-byq/94921699.html?s=01&t=0
数据分析,10-16发布,商品专员/数据分析,广州,4.5-6千/月,宁波唯昇品牌管理有限公司,招聘4人,
专业培训;
绩效奖金;
五险;
年终奖金;
通讯补贴;
弹性工作;
;,
职位描述：
						任职资格：1、 市场营销、管理类相关专业大专及以上学历；2、有鞋、服装行业商品专员二年以上工作经验(无服装行业商品AD经验者勿投)；3、 一年以上零售行业市场管理工作经验，了解市场订单管理、货品调配、市场销售分析及维护等相关流程；4、 具备良好的沟通、数据统计、数据分析能力，并能够熟练操作excel表格及函数使用；岗位职责：1、根据所负责区域商品销售状况做出货品销售状况分析，并为年度产品采购计划提供方案；2、根据公司商品计划及相关流程，对市场各零售店铺进行商品配置；3、跟进所负责区域的店铺销售动态，并根据销售状况作出销售数据、信息分析；4、定期提交商品销售各类数据分析报告；上报调拨计划，协调区域间调拨上货、补货、退货及调拨工作。						
												

职能类别：
产品/品牌主管


关键字：
商品
数据
分析





,http://jobs.51job.com/guangzhou/94922449.html?s=01&t=0
数据分析,10-16发布,数据分析师（2018校招）,广州,4.5-8千/月,广州趣炫信息技术有限公司,招聘2人,
五险一金;
员工旅游;
绩效奖金;
年终奖金;
专业培训;
定期体检;
;,
职位描述：
						岗位职责：1、负责完成游戏数据的收集整理，按时输出相关数据报表；2、负责完成运营部门、商务部门所提出的数据提取需求；3、监控游戏日常数据波动，能够及时发现异常。岗位要求：1、统计学、应用数学、数理分析、数据挖掘相关专业，具有扎实的统计学基础；2、熟练使用办公软件，有清晰的逻辑思维能力，对数据较敏感；3、有良好的沟通表达能力、结果推动能力、团队协作能力。招聘说明：招聘人数：2人投递邮箱：xz@q-dazzle.com校招Q群：【638521693】宣 讲 会：11月2日广工、11月6日华农、11月10日华工						
												

职能类别：
产品专员
其他


关键字：
数据分析
趣炫游戏
2018校园招聘





,http://jobs.51job.com/guangzhou/94918181.html?s=01&t=0
数据分析,10-16发布,数据分析专员,广州-白云区,3.5-4.5千/月,广州领陶电子科技有限公司,招聘1人,
弹性工作;
专业培训;
员工旅游;
绩效奖金;
发展空间;
;,
职位描述：
						岗位职责：1、监控货品开发、销售及库存状况，跟踪分析拟定库存消化计划，对商品畅、平、滞 销 款的把控；2、参与产品开发的预选，建立商品信息档案；3、对各个渠道商品库存结构透视分析，合理补充与调配，优化整盘货品的合理性，提 高 货品的流转；4、销售业务数据统计、分析；5、绩效考核统计任职要求：1、大专或以上学历；2、较强的沟通及数据分析能力，逻辑思维和团队合作能力；3、熟练操作ERP\CRM\EXCEL\WORD\PPT等办公软件；4、工作认真、负责，执行能力强；						
												

职能类别：
其他





,http://jobs.51job.com/guangzhou-byq/94333634.html?s=01&t=0
s_name,time,name,ares,money,company,people,fuli,describes,url
数据分析,10-16发布,海外数据分析,广州,6-8千/月,名创优品股份有限公司,招聘若干人,
五险一金;
餐饮补贴;
专业培训;
出国机会;
绩效奖金;
带薪年假;
节日福利;
;,
职位描述：
						岗位职责：1、负责对公司总仓、店铺商品安全库存的计划数据与监控管理；2、负责设置、监控、分析全店商品库存销售等数据分析；3、安全库存数据范围内，进行区域商品订货补货工作；4、负责全店商品结构设置及订货工作；5、根据市场需求做周、月店铺库存优化分析工作，实时进行品类优化调整；6、负责区域滞销商品情况分析，组织，指导处理分店的滞销库存，减少分店商品的滞销；7. 处理相关文件工作。任职要求：1、1年以上工作经验，熟练运用Excel的无经验毕业生也考虑。2、较强的逻辑思维能力，有从事数据分析，报表制作的工作经验。3、CET6 /TEM 4以上英语水平，英语读写流利优先考虑。4、做过快销领域的销售数据分析的优先考虑。						
												

职能类别：
业务分析专员/助理
生产计划/物料管理(PMC)


关键字：
Excel
数据分析
数据处理
库存管理
Vlookup





,http://jobs.51job.com/guangzhou/94935219.html?s=01&t=0
数据分析,10-16发布,数据分析师,广州,3.5-4.5千/月,中国检验检疫学会质量诚信建设委员会,招聘1人,
五险一金;
餐饮补贴;
年终奖金;
定期体检;
周末双休;
;,
职位描述：
						岗位职责：1. 对目标企业整体运营数据的采集、统计；2.结合业务发展和风险控制，分析运营数据；3.审核认定并分析企业是否符合标准；4.完成领导交代的各项事务。岗位要求：1.经济管理、财会、数理统计等相关专业本科以上学历；2.有相关专业资质和工作经验者优先；3.较强的沟通能力、团队合作精神，抗压性强，乐意接受挑战；4.优秀的数据分析能力和文字组织及表达能力。5.男身高172cm以上，女身高160cm以上。						
												

职能类别：
风险管理/控制





,http://jobs.51job.com/guangzhou/75814053.html?s=01&t=0
数据分析,10-16发布,Sr.PPC生产计划专员-产能分析（欢迎擅长数据分析者）,广州-南沙区,3-4.5千/月,艾利（广州）包装系统产品有限公司,招聘1人,
周末双休;
带薪年假;
五险一金;
高温补贴;
节日福利;
住房补贴;
加班补贴;
免费班车;
包三餐;
绩效奖金;
;,
职位描述：
						Sr.PPC 高级生产计划专员-产能分析（欢迎擅长数据分析者）工作地点：广州市南沙经济开发区广意路9号 （新厂）公司有饭堂，一日三餐包吃，提供住房补贴，行政部会推荐附近房子，介意地点者勿投。职位要求：-负责生产线产能分析，制定长时间生产计划、数据分析、销售目标预测，回复交期；’-指定生产排期，根据产能合理规划生产，指导生产意见，协调现场把控，促使生产部达到生产lead time;- 积极参加公司各类型改善项目和活动, - 需参加公司组织的IS09001、FSC 、EHS基本知识及相关程序、工作指引的培训，并在实际工作按照程序、工作指引要求进行工作;- 上司安排的其它本职相关工作。职位要求：- 大专或以上学历；两年以上产能分析经验，有制造业经验优先考虑，欢迎擅长数据分析者。- 良好的英文读写能力，prefer英语四级以上;- 熟悉电脑常用软件如Excel &amp;amp; Word的操作；- 做事认真负责,细心度良好;- 良好的逻辑思维能力，条理性及前瞻性，具有问题解决能力。						
												

职能类别：
生产计划/物料管理(PMC)
国内贸易人员


关键字：
计划
跟单
年终双薪
奖金丰厚
房补
员工旅游
定期体检
补充医疗保险





,http://jobs.51job.com/guangzhou-nsq/90139636.html?s=01&t=0
数据分析,10-16发布,助理数据分析师\数据统计专员\数据处理,广州-天河区,5-6千/月,沃丁信息技术（深圳）有限公司,招聘5人,
做五休二;
弹性工作;
带薪年假;
五险一金;
专业培训;
节日福利;
全勤奖;
员工旅游;
;,
职位描述：
						岗位职责：1、协助负责平台所有理财产品的业务数据分析，主题分析和数据可视化方案制定；2、依据平台现有数据，协助完成平台数据走势预测；3、通过数据分析，向运营人员提出运营策略的合理性建议；4、负责数据整合与分析模型的建立，优化以及跟进。任职要求：1、大专及以上学历，欢迎应届毕业生；2、热爱数据分析，对数字有一定的敏感性；3、认真负责，具有团队精神。公司薪酬：1、完善的工资体系，有多种公司福利；2、丰富的工资薪酬，多样化的员工活动；3、巨大的晋升空间，内部提拔。工作时间：周末双休，早九晚六。						
												

职能类别：
统计员
大学/大专应届毕业生


关键字：
数据分析
统计员
互联网分析
电商数据分析
大数据
分析师助理
实习生





,http://jobs.51job.com/guangzhou-thq/91064236.html?s=01&t=0
数据分析,10-16发布,急聘商品数据分析,广州-番禺区,4.5-6千/月,广州思为时尚科技有限公司,招聘1人,
弹性工作;
五险一金;
加班补贴;
;,
职位描述：
						岗位职责：1、负责公司相应门店货品的日常调配、分配管理、确保门店进销存合理2、对整体货品及终端单店货品销售及库存状况进行跟踪分析;3、建立商品档案，依据货品库存及销售情况，掌控商品上架节奏4、对零售终端对货品接受、调配、归并、调价等指令的执行情况进行监督检查;5、对各店铺商品销售进、销、存数据进行统计分析，并对各门店商品进行调整归并;6、 商品销存明细的统计及分析并上报（周报、月报、阶段性上市情况）;7、按时完成上级领导安排的其它临时性及阶段性的工作。岗位要求：1、能熟练运用erp及office软件;2、拥有较强的数据分析和理解能力，擅长商品需求结构规划，熟悉进销存测算与数据分析;3、较好的逻辑思维能力，沟通能力、判断力和主动性;4、清楚掌控商品的销售动态;观察、分析能力强，能针对销售数据的变化，提出对策;具有丰富服装的常识;对市场有敏锐的洞察能力;5、具有独立的分析和解决问题的能力;严谨、务实、工作细致，良好的沟通技巧和说服能力，能承受工作压力。6、2年以上相关岗位工作经验，有服装行业经验者优先。						
												

职能类别：
产品经理/主管
市场分析/调研人员


关键字：
数据分析师
商品专员
门店零售
资深数据分析
商品数据分析
商品专员





,http://jobs.51job.com/guangzhou-pyq/91388047.html?s=01&t=0
数据分析,10-16发布,数据分析工程师,广州-天河区,0.8-1万/月,北京宇华永信分析科技有限公司,招聘1人,
五险一金;
定期体检;
年终奖金;
专业培训;
通讯补贴;
;,
职位描述：
						工作职责：1、负责业务调研、需求分析以及为客户提供解决方案、技术支持；2、参与数据分析挖掘及咨询服务项目方案的设计和实施工作；岗位要求：1、统计学、数学或计算机专业本科及以上学历；2、 熟练掌握业内主流的数据挖掘工具，如SAS、SPSS Clementine等；通过SAS考级认证（BASE及以上）者优先；3、有较强的编程能力，有数据分析编程开发工作经验者优先；4、英文良好，具备资料阅读和翻译能力；5、工作认真细心，责任心强，良好的沟通技巧和推动能力；6、可长期出差；7、有电信、金融、保险等行业客户分析经验者优先；8、工作年限不限；9、***；公司介绍：牋牋牋牋北京宇华永信分析科技有限公司是一家专注于大数据挖掘及相关业务咨询服务的公司，提供针对精准营销、A-CRM、决策支持、BI等领域的大数据挖掘及配套业务咨询的完整解决方案。方案主创团队有十五年以上的领先数据挖掘厂商的从业经验和丰富的大型数据挖掘项目经验；项目的经验覆盖了电信、金融、媒体调研、政府等行业，为各类客户提供针对性的数据挖掘解决方案。团队凭借深厚的技术能力和专注的行业经验，致力于打造产品化的数据挖掘解决方案，通过构造整合的数据-分析-业务提升的引擎，将数据挖掘的灵活创新特点与IT系统的高度规范化、可靠性和可复制性有机地结合起来。宇华永信团队在十多年的项目实践中，兼顾专业与创新，帮助客户和合作伙伴打造了银行业精准营销分析平台、移动用户生活圈和手机上网偏好分析系统 等多项数据挖掘创新系统，在客户中取得了良好口碑。宇华永信秉持“做精做专”的理念，在合作伙伴中也建立了长久的信誉。宇华永信当前的团队有丰富的项目设计实施经验，特别是以SAS为开发工具的数据分析和决策支持类项目经验，项目案例包括金融、电信、政府和传媒行业。						
												

职能类别：
软件工程师
高级软件工程师


关键字：
数据挖掘
大数据分析
SAS认证
运营商经验
金融经验
保险经验
海关经验
数学统计学





,http://jobs.51job.com/guangzhou-thq/93886848.html?s=01&t=0
数据分析,10-16发布,外贸电商产品开发专员/数据分析师,广州-白云区,5-7千/月,广州云鹭庭贸易有限公司,招聘2人,
五险一金;
员工旅游;
专业培训;
出国机会;
绩效奖金;
年终奖金;
全勤奖;
带薪假期;
节日福利;
;,
职位描述：
						岗位职责1、市场调研：熟悉国外主流电商平台，关注市场动态，了解消费者需求，评估市场容量；2、开发平台热销产品，竞品分析，及时了解平台政策变化及跟踪竞争对手信息；3、追踪、搜集、分析、汇总及考察评估新产品的信息，提炼新产品卖点，规划产品线及产品策略；4、完成产品的数据搜集和数据分析处理，撰写相关分析报告；任职资格1、本科及以上学历，英语六级起，有电子商务从业经验者优先；2、熟练使用EXCEL进行数据分析相关工作；3、数据分析能力和数据敏感度强，能够从数据中发现问题，具备较强的思维逻辑能力；4、工作积极主动,责任心强,敢于挑战自我，能承受工作压力；5、愿意与公司共同发展，具备在公司的平台上实现个人价值的积极心态；工作时间：周一到周五朝9晚6，周末单双休制，单休休一天半联系人：吕小姐						
												

职能类别：
产品专员
市场分析/调研人员


关键字：
产品开发
数据分析
电子商务





,http://jobs.51job.com/guangzhou-byq/92295133.html?s=01&t=0
数据分析,10-16发布,数据分析/统计员,广州,3-4.5千/月,广州市点都德饮食有限公司,招聘2人,
包吃三餐;
月休六天;
全勤奖;
节日福利;
;,
职位描述：
						岗位职责：1、完成公司各项业务运作指标的监控；2、门店各类退单数据报表的汇总及分析；3、完成上级分配的其它工作。任职资格：1、中专以上学历，20-30岁；2、熟练使用EXCEL；3、做事认真细致，责任心强；                                                                    4、良好的沟通能力和团队协作精神；                                                                 工作时间：8:30-17:30或9:00-18:00，月休4天，包吃午餐和晚餐。						
												

职能类别：
统计员





,http://jobs.51job.com/guangzhou/94636366.html?s=01&t=0
数据分析,10-16发布,数据分析师,广州-天河区,4-7千/月,北京宏达隆和科技有限公司,招聘1人,
五险一金;
餐饮补贴;
员工旅游;
定期体检;
项目奖金;
年终奖金;
周末双休;
过节福利;
周下午茶;
;,
职位描述：
						岗位职责：1. 深入了解业务数据情况，运用多维度进行组合分析、挖掘、深度分析数据；2. 有主动意识地跟踪、分析数据、指标变化，并深入分析、定位问题、优化现状和编写报告；3. 根据具体业务场景及其相关数据分析研究，参与数据体系建设，并提出建议；4. 支撑业务部门的报表处理及数据需求；5. 协助完成周报、月报等周期分析报表，并能将发现有问题推动解决。岗位要求：1.大专以上学历，1年以上数据分析工作经验，有数据挖掘经验优先，优秀应届毕业生亦可；2.熟练使用Microsoft Office中各种办公工具且需要熟练掌握Excel及其函数;3.熟悉SQL Server、MYSQL数据库软件，会使用Python者优先；4.具有严谨的逻辑思维能力，优秀的学习能力、良好的语言表达能力；5.了解统计学常识，可以利用统计学相关知识服务于工作；6.有团队思维，有创新思维，能很好的融入团队；7.注重团队协作，执行力强，抗压能力强；8.学习意愿、沟通能力强，能快速理解熟悉业务逻辑。						
												

职能类别：
数据库工程师/管理员


关键字：
数据分析师
数据分析





,http://jobs.51job.com/guangzhou-thq/94935153.html?s=01&t=0
数据分析,10-16发布,数据分析师,广州,1-1.5万/月,广东蔚海移动发展有限公司,招聘1人,
五险一金;
餐饮补贴;
周末双休;
节日福利;
年终奖金;
;,
职位描述：
						岗位职责：1、海量数据收集和传输系统的设计和开发；2、在线和离线海量数据分析平台的设计和开发，多维度海量数据查询支持；3、实时数据分析系统，流式计算系统的设计和开发；4、大规模数据挖掘和机器学习算法的设计和实现。岗位要求：1、本科及以上学历，计算机、通信工程相关专业；2、熟悉Linux/Unix平台上的C/C++ 或Java编程，熟悉脚本编程；3、熟悉常用算法和数据结构，熟悉网络编程、多线程编程技术；4、乐于学习新的知识，动手能力强，有进取心，责任心强；5、良好的团队合作精神，较强的沟通能力。具备以下资格优先：1、有分布式相关项目（如分布式存储/分布式计算/高性能并行计算/分布式Cache）经验；2、有互联网数据挖掘和机器学习相关项目经验；3、熟悉分布式系统概念、架构，有大规模分布式系统设计、实现、部署等经验；4、有非常丰富的在Linux/Unix下工作的经验；5、有大型互联网公司相关工作经验。						
												

职能类别：
其他





,http://jobs.51job.com/guangzhou/94331926.html?s=01&t=0
数据分析,10-16发布,WXG01-111 数据分析师 (职位编号：33326),广州,null,深圳市腾讯计算机系统有限公司,招聘3人,null,
职位描述：
						搭建和完善业务的基础数据指标体系、用户行为数据指标体系；分析业务数据，从中发现问题、研究问题并探索解决方案；设计AB测试实验方案以验证问题和分析结果，并将实验分析结果转化为可行的产品和运营策略；支持和增强业务的数据分析和数据决策能力大学本科以上学历，计算机科学、信息科学、人机交互、统计学、应用数学等领域专业；1年以上数据分析工作经验；1年以上为产品、运营或其他部门提供分析性洞察和报告的经验；有设计和分析AB 测试实验的经验；熟练掌握SQL或其他数据库语言；熟练使用Python或Perl等脚本语言；熟练使用R、SAS或Matlab 等统计分析工具；熟练使用EXCEL或Tableau等数据可视化工具；有较强的数据洞察力、逻辑思维能力和分析总结能力；有良好的团队沟通和团队协作能力符合以下条件优先：硕士以上学历有Hive、Hadoop、Spark等平台的海量数据处理经验；有社交领域数据驱动或增长黑客经验


职能类别：
高级软件工程师
数据库工程师/管理员





,http://jobs.51job.com/guangzhou/94925119.html?s=01&t=0
数据分析,10-16发布,java数据分析工程师,广州-天河区,1.5-2万/月,广州市康诚信息科技有限公司,招聘3人,
五险一金;
绩效奖金;
弹性工作;
专业培训;
定期体检;
;,
职位描述：
						工作职责：1、将文本式的汽车案例数据进行结构化或半结构化存储，以备日后分析。2、使用ETL工具对Mysql中的数据进行处理。3、学习、研究贝叶斯概率算法及其应用。4、使用 java 在现存大量案例的基础上进行贝叶斯推导。要求：1、计算机、统计、数学相关专业，专科以上学历，3年以上工作经历；2、扎实的数学基础，熟悉概率和数值计算。熟悉贝叶斯，有数据分析和机器学习的实际工作经验者优先；3、对数据分析、挖掘、机器学习有浓厚的兴趣，并且将其作为自己主要的发展方向。4、有强烈的责任心和上进心，发自内心想要成为公司的骨干，成为公司数据分析方向的大牛，将来能够带领团队。5、熟悉 java 语言，有3年以上 java 开发经验（如果是数学专业，该条件可以适当放宽）；6、熟悉Mysql数据库；熟悉 MongoDB 或者其它非关系型数据库。7、该岗位是做公司内部汽车产品和软件的研发，有相关行业经验优先。薪酬福利：1、加入优秀的创业团队；2、创造力和人性化的工作环境；3、提供培训和学习机会；4、五险一金；5、绩效奖金；6、优秀者按岗位级别提供期权；公司简介：广州瑞修得信息科技有限公司是2014年成立的互联网+创业公司，专业从事车辆诊断服务。公司研发潜力强大，产品技术涉及硬件、PC客户端、手机APP和网络服务后台。做商用车售后技术支持的No.1,是我们这个阶段的目标。联系人：蓝生    联系电话 139 2423 2151  联系邮箱：278035620@126.com						
												

职能类别：
数据库工程师/管理员
高级软件工程师





,http://jobs.51job.com/guangzhou-thq/91487277.html?s=01&t=0
数据分析,10-16发布,数据分析师 (职位编号：gzcb001646),广州-天河区,15-30万/年,广州银行信用卡中心,招聘若干人,
五险一金;
交通补贴;
餐饮补贴;
专业培训;
绩效奖金;
年终奖金;
弹性工作;
定期体检;
;,
职位描述：
						岗位职责:<p>工作职责：1、信用卡以及消费信贷业务的基础数据建设。包含数据模型，维护数据质量，推动整合数据资源等，为公司量化决策管理提供支撑。2、决策支持。为公司各业务部门提供报表开发以及支撑公司各业务部门的运营需求等。3、主导业务专题分析。为公司各部门分析业务状况，推动业务部门的优化。4、参与量化模型开发与维护。为市场、风险等核心业务部门提供模型支持。5、项目支持。参与团队的运营优化、BI系统建设、营销自动化等项目；对公司的客户价值经营、风险定价、客户挽留、市场营销策略等重点项目提供支持。 任职资格:<p>1、本科及以上学历，数理统计、计算机等专业优先（硕士优先考虑）。 2、熟悉主流的机器学习算法，有过项目实践者优先。3、1-5年内工作经验（可接受优秀应届生）。 4、精通一门编程语言，熟悉运用SAS、SQL或Python更佳。5、逻辑严谨，具备一定的数据分析能力与执行力，沟通能力良好，愿意理解业务场景。


职能类别：
算法工程师


关键字：
数据分析
建模
编程
算法
SAS
sql
数据挖掘
Python





,http://jobs.51job.com/guangzhou-thq/87157715.html?s=01&t=0
数据分析,10-16发布,金融数据分析师 底薪6000起 朝九晚六 五险,广州-天河区,6-8千/月,广州中睿合创投资管理有限公司,招聘5人,
五险一金;
补充公积金;
员工旅游;
交通补贴;
年终奖金;
绩效奖金;
出国机会;
专业培训;
弹性工作;
朝九晚六;
;,null,http://jobs.51job.com/guangzhou-thq/94929852.html?s=01&t=0
数据分析,10-16发布,双休制—金融数据分析师、学徒（底薪+岗前培训）,广州-天河区,4.5-6千/月,广州和晟实业投资有限公司,招聘6人,
五险一金;
补充医疗保险;
补充公积金;
员工旅游;
专业培训;
出国机会;
绩效奖金;
年终奖金;
股票期权;
弹性工作;
;,
职位描述：
						1、负责公司资金运作，掌握国内外证券、期货等金融衍生产品知识与各种分析工具（有国内股指、股票或恒指相关实盘交易经验者优先）2、学习跟踪宏观经济发展动态，研究国际金融业的发展趋势及走向。3、参与交易团队计划及策略的制定，精准的交易指令，进行交易风险监控。4、有数据分析、统计的细心和耐心，思维敏锐，对数字敏感。5、严格按照公司制定的交易规则，以日内短线交易的形式，争取盈利化。任职要求：1、对金融投资领域有浓厚的兴趣，立志在行业长期发展，有无经验均可投简历，岗前有系统全面的培训，入职后针对岗位也有强化培训。2、对技术分析，基本分析有一定了解，对现有金融投资品种有广泛了解，对证券和期货投资也有一定程度的了解。3、本岗位是属于技术岗位，无需外出拉客户，沉着冷静，知识面较广的更佳。4、有经济、金融相关知识背景，有良好的发展前景，经济金融专业大学专科及以上学历。5、对工作充满热情，善于分析，能够保持冷静的交易思路和制定合理的交易策略，有集体荣誉感。6、有数据分析、统计的细心和耐心，思维敏锐，对数字敏感。7、没有无聊的会议，没有复杂的人际关系，自己掌握着发展的命运，工作自由度大，非常富有挑战性，您将有更多时间享受自己喜欢的生活方式。其他概述：1、技术分析岗位责任重大，公司只培养对交易分析感兴趣，信念坚定，信心十足的人才，目标不明确的请勿投递；初学者可依托公司完善的人才培养体系，建立完整的交易分析系统与理念。2、公司对职业技术类经验丰富的人才求贤若渴，欢迎各类精英汇聚于此共创辉煌。3、若具有内外资投行，私募及金融集团相关经验或推荐信的，公司将优先高薪聘用。以上职位，切勿重复投递，投递简历后请留意电话、短信或邮件耐心等待面试通知，具体情况以通知为准，合约则见。工作时间：五天双休制，上午9：30-12：00，下午13：30-17：30，其他法定假日依国家规定执行。薪酬体系：固定底薪5000起+高提成分红 +丰厚奖励。培训体系：岗前入门培训(行业概况，专业知识，职业规划，入门技术指导)。交易技术培训：(基本面分析，技术面详解，盘感强训技能，心态自控与提升，资金管理与风控系统建立，稳定盈利系统成型，量化交易系统运用等)。晋升体系：每季度进行一次考核，考核优秀者享有晋升机会。福利体系：正式员工享国家规定福利待遇；各种假期福利。完善的企业文化，丰富多彩的员工业余活动(聚餐，唱K，旅游，运动，户外拓展等)特殊福利：年度优秀员工将享有免费携家属出境游机会。※特别声明：1、请求职人员认真阅读本公司招聘介绍，如本公司职位与您的职业生涯规划相符，欢迎应聘。2、聘用职位性别不限，一经录用，公司将提供免费岗前培训及晋升机会。3、请勿重复投简历，否则将会对你的录用带来不便自投出简历起，两天之内会以邮件和电话的形式通知应聘者，请注意查收邮箱！公司名称：广东和晟实业投资有限公司面试部门：理财六部联系人：沈助理 13042074583 （可电话预约面试）公司地址：广州市天河区天河路240号丰兴广场C幢18楼整层（BRT石牌桥站、地铁石牌桥B出口）乘车路线参考：公交：BRT石牌桥站   地铁：地铁三号线石牌桥B出口						
												

职能类别：
投资/理财顾问
证券分析师


关键字：
金融
外汇
现货
操盘手
实习生
分析师
周末双休
交易员
非销售
理财





,http://jobs.51job.com/guangzhou-thq/94067154.html?s=01&t=0
数据分析,10-16发布,数据分析师/数据专员,广州-天河区,6-8千/月,尚德机构,招聘1人,
五险一金;
绩效奖金;
;,
职位描述：
						【前言】如果你对自己玩转Excel的能力足够自信,如果你对数据处理和数据分析足够兴趣,如果你对枯燥的数据工作能保持足够的热情,那么，这里很有可能是你理想的归宿....【薪资福利】岗位薪资+岗位绩效+年终奖+生日福利+节日福利  (月薪约3-6K之间)【岗位职责】*基于业务的需要,构建不断增长的数据分析需求模型,并制作报表*维护既有的数据业务报表,并进行合理升级*处理基于销售端的在线、电话咨询数据,定期发布销售报表(注:报表基于Excel格式,单文件大小在5-20M)【职位要求】*必须技能：必须精通Excel,必须精通Excel相关的函数公式、数据透视、图表功能等.&lt;常用函数&gt; sumifs,countifs,vlookup,if,index,match,find,or,and等数十个。*本科以上学历,工作经验不限 , 数学、统计、市场营销专业优先 .*具有良好的数学建模能力和数据分析能力,对数字敏感,逻辑思维严密.*有良好的团队协助和较强的沟通能力.*好专研,抗寂寞,耐得住枯燥的数据处理工作.						
												

职能类别：
售前/售后技术支持工程师
业务分析专员/助理


关键字：
数据分析
数据专员
数据分析师
EXCEL
VBA
函数公式
数据透视
图表功能





,http://jobs.51job.com/guangzhou-thq/58518660.html?s=01&t=0
数据分析,10-16发布,分析师助理/数据分析助理（永不加班+高薪+双休）,广州-天河区,6-8千/月,广州和晟实业投资有限公司,招聘若干人,
五险一金;
补充医疗保险;
补充公积金;
员工旅游;
专业培训;
出国机会;
绩效奖金;
年终奖金;
股票期权;
弹性工作;
;,
职位描述：
						职位描述：1、搜集相关金融信息，分析金融市场未来走势2、负责为客户提供专业的投资理财建议，并制定相应的投资方案及策略；3、负责公司金融产品投资客户在每个交易日的策略或建议；4、实时跟进公司操作策略，引导客户交易.5、能够稳定盈利、业绩优秀的分析员，我们提供广阔的个人职业发展空间，并有机会晋升为管理人员；职位要求：1、具有较强的逻辑思维能力，文字表达能力和分析能力；2、沟通能力强，责任心强；具备服务意识和团队合作精神；3、具有对金融市场较深刻的认识和准确的判断能力；4、对金融行业有浓厚的兴趣。应届生亦可。完善的薪酬福利制度：（1）丰厚的薪酬；基本工资3000+高提成+年终奖金+盈利分红--杰出表现者可轻松过万（2）按照国家规定，享有各种法定假期、婚假、产假（陪产假）、恩恤假（3）定期举行团队活动及一年一次组织员工集体旅游优秀者年收入可达20万元以上（含五险一金）工作时间：周一至周五，早上9：30~5：30；周末双休；享受国家公共假期。经我司录用的员工，公司将为其提供广阔的事业平台，提供专业的培训体系，根据员工的职业生涯规划，提供专业知识，投资理财等全方位的培训，工作表现优秀者公司安排派驻美国学习进修。※特别声明：1、请求职人员认真阅读本公司招聘介绍，如本公司职位与您的职业生涯规划相符，欢迎应聘。2、聘用职位性别不限，一经录用，公司将提供免费岗前培训及晋升机会。3、请勿重复投简历，否则将会对你的录用带来不便。公司名称：广东和晟实业投资有限公司联 系 人：理财8部 廖先生 18620123910公司地址：广州天河区天河路240号丰兴广场C座18整层乘车路线：地铁3号线石牌桥站B出口（公交BRT石牌桥站）						
												

职能类别：
股票/期货操盘手
证券/期货/外汇经纪人


关键字：
金融
外汇
黄金
操盘手
双休
理财
期货
白领
交易员
实习生





,http://jobs.51job.com/guangzhou-thq/94916753.html?s=01&t=0
数据分析,10-16发布,数据分析员（商品专员）,广州-天河区,4-8千/月,广州市爵士丹尼服饰有限公司,招聘1人,
五险一金;
餐饮补贴;
;,
职位描述：
						工作职责：<div>1、数据采集工作，按时提取日、周、月报数据，做出对比分析。<div>2、汇总数据并做出相应的数据报表，并与同期日、周、月销售数据的对比，进行销售数据分析；<div>3、负责各类产品数据的整理、汇总和分析处理工作，及时向公司领导及有关部门上报信息数据；<div>4、了解、熟悉货品价格体系及促销实际情况；<div>5、负责每日、周、月将各区域、各品类、各货号、各颜色进行销售排名，按数量、按金额、整理滞销品与畅销品明细；<div><div>任职要求：<div>1、大专或以上学历，有商品分析，货品管控工作经验；<div>2、熟悉ERP软件，并精通运用EXECL进行数据分析及透视，能结合数据及调研结果做出客观分析、预测；<div>3、有较强的数据敏感度，熟悉服装行业货品管理知识。<div>4、有较强沟通能力，及团队协作精神，富有责任心。<div><div>


职能类别：
业务分析专员/助理
市场分析/调研人员





,http://jobs.51job.com/guangzhou-thq/63852855.html?s=01&t=0
数据分析,10-16发布,（非销售岗位）数据分析师（互联网金融+免费培训）,广州-天河区,1-1.5万/月,广州和晟实业投资有限公司,招聘若干人,
五险一金;
弹性工作;
定期体检;
专业培训;
补充公积金;
出国机会;
绩效奖金;
年终奖金;
股票期权;
员工旅游;
;,
职位描述：
						1、学习理财技能，为自己未来人生路上储备一技之长.2、维持客户关系,助客户财富增长，共赢做大做强3、负责为客户提供外汇理财咨询、建议服务，制定相应的投资组合和策略4、负责保持与客户沟通联系，为客户提供金融分析软件等服务5、负责为客户提供完善的理财计划及信息咨询6、负责根据客户的委托，帮助客户实施理财计划7、负责对公司理财产品能够全力宣传、推广、销售任职资格：1、中专或以上学历，有管理能力者，优秀应届毕业生优先，有炒股经验者条件放宽2、敢想，敢做，有野心挑战高薪的你欢迎加入3、热爱金融，对金融行业未来前景有清晰的认识，并愿意扎根下去，立足做大做强4、公司提供全方位培训，提供无限晋升发展舞台，任你挥洒薪酬待遇：1、一经录用，公司将提供全套完善的金融专业知识及销售技能培训，并提供畅通公平的晋升空间；2、上班时间：周一至周五，早上9：30~5：30；周末双休；享受国家公共假期；3、公司交通便利，办公环境舒适，定期组织员工活动，供员工免费旅游或聚餐；4、底薪5000元+高佣金+盈利分成+奖金+津贴+国内外旅游+升职职业发展与规划：职业前景：每名雇员都会得到重视，通过不断的学习和努力，每个人都将拥有广阔的职业发展空间。个人与职业道德：我们希望所有雇员都要遵守高度的个人与职业道德。工作环境：舒适的办公环境，1000平米办公场地，良好的工作氛围，互帮互助的学习热潮，公司有冰箱，微波炉，方便我们的同仁。职位培训：优秀的导师，资深的专业人士，定期提供给您多种技术培训，助您自我提高实战投资技能。薪酬福利：具有业界竞争力的薪酬和各种福利。底薪＋高佣金+丰厚奖金＋职位晋升＋季度旅游＋年终业绩分红。优秀员工可直接派往各分公司担任高管，负责分公司全面工作，工作优异的员工或管理人员将会享有派往华尔街总部学习进修的机会。晋升机制：我们提供规范的员工晋升机制，以及人才选拔和培养机制。特别声明：1、请求职人员认真阅读本公司招聘介绍，如本公司职位与您的职业生涯规划相符，欢迎应聘。2、聘用职位性别不限，一经录用，公司将提供免费岗前培训及晋升机会。3、请勿重复投简历，否则将会对你的录用带来不便。公司名称：广东和晟实业投资有限公司面试部门： 理财七部 李总 18027185027公司地址：广州市天河区天河路240号丰兴广场C座18楼整层乘车路线：BRT石牌桥站，地铁三号线石牌桥站B出口有意应聘者，可以携带个人简历以及身份证亲临公司预约面谈，投简历后一两日内会有人联系你，请保持电话畅通职能类别：投资/理财顾问 其他关键字：实习生 分析师 投资 操盘手						
												

职能类别：
证券/期货/外汇经纪人
投资/理财顾问


关键字：
金融
外汇
现货
操盘手
实习生
分析师
周末双休
交易员
非销售
理财





,http://jobs.51job.com/guangzhou-thq/94399535.html?s=01&t=0
数据分析,10-16发布,商品数据分析,广州-荔湾区,3-4.5千/月,广州品好尚信息科技有限公司,招聘1人,
员工旅游;
通讯补贴;
专业培训;
全勤奖;
;,
职位描述：
						工作职责：1、负责生产进度的编制与生产指令的发布及执行的进度跟踪直至达成；2、做好订单的评审、生产前的打样安排、确认、生产各环节的进度物料供应、工艺组织布置、品质状况跟踪落实；3、依据生产计划的完成情况、采购物资供应情况，合理调整生产计划达成出货要求；4、建立供应商评估资料及价格记录，平衡供与需之间的关系；5、协助配合应付款整理、审查和商品各类数据报表整理。6、协助完成上司委派工作事项。任职要求：1、熟悉Excel、Word及PPT的操作；2、熟悉服装公司商品生产、运营流程的优先工作时间：大小周工作制						
												

职能类别：
生产文员
生产计划/物料管理(PMC)





,http://jobs.51job.com/guangzhou-lwq/93953089.html?s=01&t=0
数据分析,10-16发布,数据统计员/数据分析/中台,广州-白云区,3.5-5千/月,广州人仁股信息科技有限公司,招聘1人,
五险一金;
专业培训;
绩效奖金;
;,
职位描述：
						岗位职责：1.负责业务部门数据采集、整理、统计与分析工作；2.负责业务部门收益核算与分析；3.负责运营数据监控，并做好每日、周、月的数据报告；4.完成其他数据的支持工作；5.完成上级领导安排的其他的事项。6.仅限***任职要求：1.大专及以上学历，在互联网公司从事相关工作者优先；2.具备良好的沟通与协调能力，较好的逻辑思维能力、数据处理及综合分析能力；3.工作细心，有团队精神，具备良好报告书写能力；4.对数据敏感，熟悉excel函数单项运用及组合运用。5.有美团、大众点评、糯米、口碑网、淘点点等相关从业经验者直接面谈；						
												

职能类别：
业务分析经理/主管
业务分析专员/助理





,http://jobs.51job.com/guangzhou-byq/94921699.html?s=01&t=0
数据分析,10-16发布,商品专员/数据分析,广州,4.5-6千/月,宁波唯昇品牌管理有限公司,招聘4人,
专业培训;
绩效奖金;
五险;
年终奖金;
通讯补贴;
弹性工作;
;,
职位描述：
						任职资格：1、 市场营销、管理类相关专业大专及以上学历；2、有鞋、服装行业商品专员二年以上工作经验(无服装行业商品AD经验者勿投)；3、 一年以上零售行业市场管理工作经验，了解市场订单管理、货品调配、市场销售分析及维护等相关流程；4、 具备良好的沟通、数据统计、数据分析能力，并能够熟练操作excel表格及函数使用；岗位职责：1、根据所负责区域商品销售状况做出货品销售状况分析，并为年度产品采购计划提供方案；2、根据公司商品计划及相关流程，对市场各零售店铺进行商品配置；3、跟进所负责区域的店铺销售动态，并根据销售状况作出销售数据、信息分析；4、定期提交商品销售各类数据分析报告；上报调拨计划，协调区域间调拨上货、补货、退货及调拨工作。						
												

职能类别：
产品/品牌主管


关键字：
商品
数据
分析





,http://jobs.51job.com/guangzhou/94922449.html?s=01&t=0
数据分析,10-16发布,数据分析师（2018校招）,广州,4.5-8千/月,广州趣炫信息技术有限公司,招聘2人,
五险一金;
员工旅游;
绩效奖金;
年终奖金;
专业培训;
定期体检;
;,
职位描述：
						岗位职责：1、负责完成游戏数据的收集整理，按时输出相关数据报表；2、负责完成运营部门、商务部门所提出的数据提取需求；3、监控游戏日常数据波动，能够及时发现异常。岗位要求：1、统计学、应用数学、数理分析、数据挖掘相关专业，具有扎实的统计学基础；2、熟练使用办公软件，有清晰的逻辑思维能力，对数据较敏感；3、有良好的沟通表达能力、结果推动能力、团队协作能力。招聘说明：招聘人数：2人投递邮箱：xz@q-dazzle.com校招Q群：【638521693】宣 讲 会：11月2日广工、11月6日华农、11月10日华工						
												

职能类别：
产品专员
其他


关键字：
数据分析
趣炫游戏
2018校园招聘





,http://jobs.51job.com/guangzhou/94918181.html?s=01&t=0
数据分析,10-16发布,数据分析专员,广州-白云区,3.5-4.5千/月,广州领陶电子科技有限公司,招聘1人,
弹性工作;
专业培训;
员工旅游;
绩效奖金;
发展空间;
;,
职位描述：
						岗位职责：1、监控货品开发、销售及库存状况，跟踪分析拟定库存消化计划，对商品畅、平、滞 销 款的把控；2、参与产品开发的预选，建立商品信息档案；3、对各个渠道商品库存结构透视分析，合理补充与调配，优化整盘货品的合理性，提 高 货品的流转；4、销售业务数据统计、分析；5、绩效考核统计任职要求：1、大专或以上学历；2、较强的沟通及数据分析能力，逻辑思维和团队合作能力；3、熟练操作ERP\CRM\EXCEL\WORD\PPT等办公软件；4、工作认真、负责，执行能力强；						
												

职能类别：
其他





,http://jobs.51job.com/guangzhou-byq/94333634.html?s=01&t=0
数据分析,10-16发布,数据分析师,广州-越秀区,5-7千/月,广州丰江餐饮管理有限公司,招聘1人,
带薪年假;
五险一金;
绩效奖金;
;,
职位描述：
						岗位职责：1.	根据公司业务的需要制作数据分析模板和模型构建，为公司其他部门提供数据查询和分析处理的支持，数据报表优化，数据自动化；2.	通过VBA实现部门业务需求，SQL数据库日常维护；3、研究分析公司成本收益情况，完成财务经理分配的其它工作。任职要求:1、大专以上学历，1年以上数据分析工作经验，优秀应届毕业生亦可；2、熟练使用Microsoft Office中各种办公工具且需要熟练掌握Excel及其函数、了解VBA；3、熟悉SQL Server、MYSQL数据库软件，有建立数据模型工作经验或RSS报表开发优先；4、具有严谨的逻辑思维能力，优秀的学习能力、良好的语言表达能力；5、了解统计学常识，可以利用统计学相关知识服务于工作；6、有团队思维，有创新思维，能很好的融入团队。						
												

职能类别：
业务分析专员/助理
财务分析员


关键字：
交通补助
包吃包住
员工旅游





,http://jobs.51job.com/guangzhou-yxq/64645586.html?s=01&t=0
数据分析,10-16发布,（电商）业务数据分析经理,广州-荔湾区,null,谢瑞麟（广州）珠宝有限公司,招聘1人,null,
职位描述：
						岗位职责 ：1. 负责对各关键环节编制一系列业务分析报表，为电商各团队提供绩效报告及优化指引；2. 根据年度经营指标，协助部门主管制定销售计划及对应的运营方案；3. 调研行业动态和内部营运的情况, 从数据角度对运营的发展趋势进行合理分析和预测,协助部门主管做出合理化决策；4. 负责编制报表工具以对各类促销活动进行可行性分析，预测促销活动的销售额与利润等各项重要绩效；5. 熟知公司电商运作流程并不断优化以提升电商的整体运营水平。任职要求：1. 全日制本科或以上学历, 主修数学统计类或经济类专业；2. 5年以上大型公司业务分析类工作经验；3. 对各类数据敏感，善于数据采集、评估、分析。4. 具备良好的分析能力, 逻辑思维，沟通能力及协调能力；5. 熟练应用office等办公软件。6. 有珠宝公司或电子商务类工作经验优先考虑。						
												

职能类别：
业务分析经理/主管





,http://jobs.51job.com/guangzhou-lwq/93556085.html?s=01&t=0
数据分析,10-16发布,中级数据分析 (职位编号：10007),广州-天河区,6-8千/月,广州神灯商务服务有限公司,招聘1人,
周末双休;
带薪年假;
五险一金;
绩效奖金;
全勤奖;
节日福利;
餐饮补贴;
;,null,http://jobs.51job.com/guangzhou-thq/92828617.html?s=01&t=0
数据分析,10-16发布,电网数据分析师,广州-萝岗区,5-8千/月,广州佰聆数据股份有限公司,招聘若干人,
五险一金;
餐饮补贴;
通讯补贴;
定期体检;
年终奖金;
专业培训;
;,
职位描述：
						岗位职责：1、收集整理维护基础数据；2、理解电网运监业务，对相关专业进行数据分析，形成日月季报；3、开展电网运监业务咨询，针对业务流程、数据需求、分析方法、展现形式等提出见解；4、撰写专题分析报告，以及相关汇报材料；5、跟随学习常见的建模分析方法，学习使用经典的数据分析软件。任职要求：1、业务能力——要求对管理和业务感兴趣，具有一定的业务理解和分析能力；最好具备电网工作经验，生产运维、设备管理、工程管理方面更佳，但是不作硬性要求。2、学习能力——要求有较强的学习意愿和自学能力，对企业管理和数据分析感兴趣，能够快速上手陌生软件，没有畏惧感。能够适应常态化、持续性的自我学习提升模式。3、综合分析能力——要求逻辑清晰、表达通顺有条理。要求曾使用Excel、Tableau或任一款办公软件、数据分析软件乃至编程语言解决具体问题，并取得良好效果。4、反应能力与应变能力——可以设置一些小的考验，要求具备良好的应变能力。5、工作态度——要求具备上进心和进取心，能够接受加班。、6、行业偏好——要求候选者不排斥为公共事业部门及大型国企服务，能够适应一定的琐碎的事务性工作。7、其他——要求情绪稳定，抗压能力较强，具有良好的时间管理习惯，工作学习效率较高。						
												

职能类别：
系统分析员


关键字：
电网
数据
分析





,http://jobs.51job.com/guangzhou-lgq/94881420.html?s=01&t=0
数据分析,10-16发布,会计数据分析主管,广州-天河区,6-8万/年,广东劳斯顿实业发展有限公司,招聘1人,null,
职位描述：
						1、数学、统计学、财务管理、会计学本科以上学历；2、能熟悉运用Excel函数、链接、透视表、图表制作等统计功能；3、较好的文字功底，能够独立完成数据分析图表建立；4、具有两年以上数据分析经验；5、具有责任心和敬业精神，团队合作意识强，具服装行业经验优先考虑。						
												

职能类别：
财务分析员
财务分析经理/主管





,http://jobs.51job.com/guangzhou-thq/94886476.html?s=01&t=0
数据分析,10-16发布,保险公司内勤文员(数据分析、资源整合、大专学历),广州-荔湾区,4.8-5.5千/月,广东隆信劳务服务有限公司,招聘若干人,
周末双休;
弹性工作;
带薪年假;
五险一金;
专业培训;
节日福利;
全勤奖;
绩效奖金;
;,
职位描述：
						岗位职责：1、负责与商户渠道的对接，处理车险询保、核对支持；2、相关业务各类报表、各类数据整理等工作；3、业务拓展部门相关数据统计和业务支持；4、客户维护；5、其它领导交代的工作。任职要求：1、 大专以上学历；2、 具备较强的沟通、表达能力；3、 具备基础的车险知识；4、 熟悉操作办公软件，具有较强的数据统计、分析能力；5、 具备车险核保经验、车险电销经验或具备客服经验的优先考虑。						
												

职能类别：
销售代表
电话销售


关键字：
文员
行政
人事
助理
数据分析
内勤
后勤
保险
理财
理赔





,http://jobs.51job.com/guangzhou-lwq/94900800.html?s=01&t=0
数据分析,10-16发布,数据分析-越秀,广州-越秀区,3.5-8千/月,广州市展翼通信科技有限公司,招聘3人,null,
职位描述：
						任职条件：1、大专以上学历，数据类专业优先；2、熟练使用excel进行数据的统计、分析，熟练使用各种公式，会使用透视表透视图3、对数字敏感，认真负责，耐心细致，有亲和力、服务意识及团队协作能力；4、做事主动、细致，责任心强，有耐心，语言表达能力好；5、具备办公室资料的整理、归档工作能力，做事条理性、计划性好；						
												

职能类别：
统计员





,http://jobs.51job.com/guangzhou-yxq/94895930.html?s=01&t=0
数据分析,10-16发布,物业管理专员（数据分析）,广州,6-8千/月,广州顺丰速运有限公司,招聘若干人,
定期体检;
绩效奖金;
年终奖金;
五险一金;
;,
职位描述：
						岗位职责：1.	负责全区物业成本分析、场地效能监控；2.	负责地区物业费用管控、监控费用核销及时性与准确性；3.	负责综合部物业组整体数据监控、工作分析报告输出；4.	负责广州区水电成本分析与管控；5.	完成上级领导交付的其他工作任务。任职要求：1.	本科及以上学历，财务管理或物业管理相关专业毕业优先；2.	个人形象良好，具备较强的语言表达、组织协调、数据处理以及逻辑分析能力，有一定的创新优化思维；3.	有较强的工作责任心及积极主动的工作态度；4.	储备/在职干部（主管、经理）、优秀网培、优秀小分队长、有内部讲师资质、有讲师及教材管理经验、有基层管理经验者，优先考虑。						
												

职能类别：
行政经理/主管/办公室主任


关键字：
物业
行政
工建
仓库
数据





,http://jobs.51job.com/guangzhou/94893024.html?s=01&t=0
数据分析,10-16发布,数据分析师,广州,5-8千/月,广州卡趴网络科技有限公司,招聘若干人,
五险一金;
餐饮补贴;
绩效奖金;
;,
职位描述：
						岗位职责：1. 深入了解业务情况，运用多维度进行组合分析、挖掘、深度分析业务；2. 有主动意识地跟踪、监控数据、指标变化，并深入分析、定位问题、优化现状；3. 根据具体业务场景及其相关数据分析研究，参与讨论BI数据体系建设，并提出建议；4. 支撑业务部门的报表处理及数据需求；5. 协助完成周报、月报等周期分析报表，并能将发现有问题推动解决；岗位要求：1. 本科以上学历，计算机或经管类专业优先；2. 具有1年以上互联网行业数据分析经验，有数据挖掘经验优先；3. 熟练使用Excel和SQL，会使用R/Python者优先；4. 注重团队协作，执行力强，抗压能力强；5. 学习意愿、沟通能力强，能快速理解熟悉业务逻辑；有意者请将个人资料发至公司招聘邮箱合则约见。公司名称：广州卡趴网络科技有限公司公司地址：广州市海珠区赤岗北路6号瑞福大厦1209室联系人：李小姐邮箱：hr@kapark.cn可乘坐车14.239.184.B7路线在赤岗路口站下或乘坐地三号线珠影站A或D出口往赤岗北路方向						
												

职能类别：
其他





,http://jobs.51job.com/guangzhou/94887977.html?s=01&t=0
数据分析,10-16发布,数据分析师（偏算法）,广州,0.6-1万/月,广东智源信息技术有限公司,招聘若干人,
五险一金;
员工旅游;
通讯补贴;
弹性工作;
定期体检;
专业培训;
绩效奖金;
年终奖金;
股票期权;
;,
职位描述：
						职位描述：1、参与数据分析相关项目设计、开发工作；2、根据项目需要进行需求规划、产品设计功能；3、编制软件技术文档。任职资格：1、计算机、数学或相关专业硕士或以上学历；2、掌握分析的理论知识与数据分析方法，并能灵活运用到实践工作中。3、具有较强的文档撰写能力；4、具有良好的职业道德和工作态度，良好的团队合作和协调能力；5、具备数据处理编程基础，懂Oracle数据库、R语言、Python语言、大数据处理技术等优先；						
												

职能类别：
算法工程师
数据库工程师/管理员





,http://jobs.51job.com/guangzhou/94633649.html?s=01&t=0
数据分析,10-16发布,高级数据分析师,广州-天河区,4-6千/月,广东乐宝袋互联网信息服务有限公司,招聘2人,
五险一金;
员工旅游;
专业培训;
绩效奖金;
年终奖金;
定期体检;
弹性工作;
;,null,http://jobs.51job.com/guangzhou-thq/93560923.html?s=01&t=0
数据分析,10-16发布,数据分析助理/专员,广州,3.5-4.5千/月,广州健民医药连锁有限公司,招聘1人,
五险一金;
员工旅游;
年终奖金;
绩效奖金;
;,
职位描述：
						岗位职责：1、	主要负责电子商务部销售数据的监测工作，定期提供各种销售运营数据分析报表和报告；2、	结合行业特点，针对用户的消费特征，发现用户偏好，为精准营销提供数据支持；3、	根据业务需求，开展专题分析，对业务优化提供有效的建议及方案，具有一定的分析报告写作能力；4、	上级交办的其他工作；任职要求：1、	大专及以上学历，统计学、数学、计算机、市场营销、经济学等相关专业优先；2、	一年以上数据分析工作经验，有市场分析或市场部工作背景者优先，优秀的应届毕业生也可考虑；3、	熟练使用Excel数据处理及图表功能、优秀的PPT报告制作能力；4、	具有良好的数据敏感度，逻辑思维清晰，具有较强的主动学习和独立工作能力；						
												

职能类别：
业务分析经理/主管
业务分析专员/助理


关键字：
数据分析





,http://jobs.51job.com/guangzhou/91439800.html?s=01&t=0
数据分析,10-16发布,数据分析工程师（初级）,广州-天河区,3-8千/月,广州中赢财富信息科技有限公司,招聘5人,
五险一金;
餐饮补贴;
通讯补贴;
专业培训;
交通补贴;
员工旅游;
定期体检;
年终奖金;
;,
职位描述：
						岗位职责：1、协助客户对数据进行梳理、清洗；2、协助客户对财政/财务/医疗等数据进行分析；3、根据分析结果进行数据建模。岗位要求：1、财务、会计、审计相关专业/信息管理与信息系统、管理工程、计算机等相关专业，大专以上学历；2、2年以上工作经验，熟练掌握一种国内外财政或ERP系统（如用友、太极华青、久其、金蝶、Oralce、SAP等）的应用；3、熟练掌握一种或以上数据库（如SQLServer、Oracle、DB2 等）应用；4、了解以下业务之一，并有以下系统实施经验（之一）：（1）了解财政业务，有财政系统实施经验；（2）了解财务业务，有ERP系统实施经验；（3）了解医院管理业务，有医疗系统实施经验；5、精通财政业务,有财政系统实施经验;或熟悉财务业务,有ERP系统实施经验,优先考虑；6、具备良好的需求分析能力和独立解决问题的能力；7、有良好的团队合作精神和敬业精神，责任心强，能够承担较大工作压力。						
												

职能类别：
数据库工程师/管理员
项目执行/协调人员


关键字：
SQL
Oracle
数据库





,http://jobs.51job.com/guangzhou-thq/91289747.html?s=01&t=0
数据分析,10-16发布,数据分析师,广州-越秀区,4.5-6千/月,宁波伯希尔汽配有限公司,招聘1人,
五险一金;
员工旅游;
年终奖金;
定期体检;
;,
职位描述：
						职责描述：1、	整理并分析店铺流量统计、流量导入分析等；2、	对各品类货品销售数据进行分析，提供畅滞销品类分析报表；3、	持续监控、跟踪和分析网上店铺的流量、跳出率、转化率等；4、	定期对竞品网站的数据进行采集；5、	整合数据并对数据管理分析提出优化方案；岗位要求：1、	统计学或财会专业专科或以上学历；2、	大学英语4级水平；3、	熟悉电脑操作，熟练运用excel，具网络数据统计分析工作经验者优先；4、工作细致并上进心强，有良好的团队合作精神，对工作充满热情，具有敏锐的思维能力和创新精神。						
												

职能类别：
业务分析专员/助理


关键字：
数据
分析





,http://jobs.51job.com/guangzhou-yxq/89916724.html?s=01&t=0
数据分析,10-16发布,数据分析员/助理,广州-白云区,4-4.5千/月,HIMuomo汉崇,招聘若干人,
五险一金;
交通补贴;
专业培训;
年终奖金;
生日假期;
加班标准计费;
;,
职位描述：
						工作职责：1、分析日常销售数据（如：日报、周报、月报、年报等）2、日常推广活动策划与执行3、店铺间的货品补货与调动4、订货会数据分析与制作任职要求：1、大专或以上学历，一年以上数据分析，服装行业优先；2、工作有责任心，勤奋好学，经验不足可培养；3、对数字敏感，有意从事销售数据分析方向工作。公司福利：1、交通补贴、加班费、国家法定节假日休息。2、每年享受带薪年假、佳节礼物、生日带薪假和生日礼物等。3、公司商品员工折扣优惠。4、舒适的办公环境+良好的工作氛围。4、广阔的职业提升空间，公平的晋升机会。5、丰富的公司员工活动如部门聚餐、外出旅游等。						
												

职能类别：
业务分析专员/助理
销售行政专员/助理


关键字：
数据分析
销售推广





,http://jobs.51job.com/guangzhou-byq/86182435.html?s=01&t=0
数据分析,10-16发布,数据分析专员,广州,4-6千/月,满堂红(中国)置业有限公司,招聘1人,
周末双休;
带薪年假;
五险一金;
带薪病假;
年终奖金;
;,
职位描述：
						工作职责：1.负责数据管理，做好数据收集、统计、分析、维护等工作；2.负责相关数据的统计分析，制作数据统计报表，并完成日常基础统计分析工作，为广州研究院提供数据分析支持；3.通过使用公司自建数据库，向市级监管部门提供数据或报告；4.负责后期数据维护管理；5.定期维护和更新广州链家研究院微信公众号的内容。任职要求：1.统招本科以上学历，房地产、金融、经济、统计学相关专业，两年以上证券类行业经验优先；2.26岁或以上，精通普通话和粤语，能熟练运用Word、Excel、PPT等办公软件；3.具有较强的文字理解能力和逻辑推理能力，且对房地产及中介行业有一定的兴趣，愿意通过学习来增强自身在本行业的熟悉度；4.交际能力较强，有较好的团队合作精神，能协调前线业务部门开展相关工作。						
												

职能类别：
市场分析/调研人员


关键字：
数据分析
数据管理
数据维护
统计分析





,http://jobs.51job.com/guangzhou/80747277.html?s=01&t=0
数据分析,10-16发布,商品数据分析主管,广州,6-8千/月,广东路卡服装集团有限公司,招聘1人,
节日福利;
绩效奖金;
餐饮补贴;
定期体检;
员工旅游;
;,
职位描述：
						1、根据销售计划，提供下季、年度库存需求计划数据，定期检查库存到位情况并反馈；2、负责收集区域所有货品相关的意见、问题，整理，并逐条进行跟进；3、结合节假日促销、区域活动、临场促销等数据分析，与区域沟通滞销货品销售、库存情况，并提出改善建议；4、定期检查奥莱各店铺商品销售价格同比情况、畅滞销情况、库存情况等进行数据分析并反馈；5、定期更新板房数据\店铺高折扣数据\天猫库存数据\临场-推广-公司特卖报表；6、定期分析商品报表（如消化率、周转率、折扣率、毛利率分析报表）；7、完成上级交办的其他临时性工作任务。任职资格：1、大专以上学历，市场营销、统计学专业，二年以上工作经验；2、熟练excel中的VLOOKUP/IF/SUM函数，PPT、WORD软件；3、具备较强的逻辑思维能力及数据分析能力，对货品营运流转有独到的见解；4、熟悉服装品牌市场，有货品鉴别能力，对时尚潮流有一定的把握度；5、具有良好的心理素质，工作积极主动，沟通协调能力强。						
												

职能类别：
业务分析经理/主管
业务分析专员/助理


关键字：
数据
分析
商品主管
数据主管
分析师





,http://jobs.51job.com/guangzhou/79173983.html?s=01&t=0
数据分析,10-16发布,数据分析专员,广州-越秀区,3-4.5千/月,广州市联吉吉商务信息咨询有限公司,招聘1人,
带薪年假;
五险一金;
节日福利;
;,
职位描述：
<p>岗位职责：<p>1、负责电商平台相关数据的采集、统计、分析工作；<p>2、定期向商务数据主管提供数据分析报告；<p>3、各部门的临时性业务数据需求；<p>任职资格：<p>1、大专以上学历，计算机、统计学、数学、营销学、情报学等相关专业；<p>2、有电商、快消品、零售行业专职数据分析工作经验优先；优秀应届毕业生亦可；<p>3、熟练使用OFFICE软件（熟悉excel和PPT表格的使用）；<p>4、爱好并擅长学习；<p><p>


职能类别：
其他


关键字：
数据分析
电商
数据
统计
立即上岗





,http://jobs.51job.com/guangzhou-yxq/68218028.html?s=01&t=0
数据分析,10-16发布,DP (数据分析/处理专员)-广州,广州-越秀区,4.5-6千/月,广州汇声市场调研有限公司,招聘若干人,
五险一金;
;,
职位描述：
						全职，男女不限，22-25岁，5~7K，统计学、应用数学、计算机专业等，英语、粤语精通，欢迎应届生加入我们1. 负责公司项目的数据分析/处理工作, 具体包括： - 访问程序编写和通过测试； - 数据逻辑查错程序撰写和查错；-数据查错与修正; - 按照DATA MAP转换数据格式(.SAV 格式转为ASCII格式) - 出报表和数据质量分析； - 配额报告，劳务费每日报告，关键数据每日报告； - 整合QC报告，项目财务报告； - 管理QC工作； - 抽样方案制定与实施； 2. 抽样资料库管理； 3. 规划并实施公司电算部门的建设； 4. 其他相关工作。 职位要求： 1. 本科以上学历； 2. 毕业于211重点学校(统招全日制)优先； 3. 专业为统计学、数学、计算机科学等理科专业优先； 4. 有良好的分析与逻辑能力； 5. 有良好的学习能力； 6. 有良好的团队协作能力； 7. 适应有时间压力的工作； 8. 适应旺季的加班工作； 9. 能熟练使用SPSS者优先； 10. 英语六级以上优先； 11.学习过编程（SQL/Java/C/C#等）优先； 12. 有相关工作经验的，请在简历中写明相关工作经验的年限。 Kumi ZhouHuisheng-GuangzhouLinkedIn: 周文婷(Kumi Zhou)Tel: +86 20-8106 8963 / 2911 0535ML: +86 131 4750 9453 / ID:huisheng-survey2（微信號）Mail:kumi@huisheng-survey.comWeb: http://www.huisheng-survey.com（國內會員）*****************************************************************FaceBook: Hongkong Marcom(Instagram)Cell: +852 6550 5609 (What'sApp/WeChat)Skype: marcom-kumiMail:kumi@marcom-china.comWeb: http://www.marcom-panel.com(HK Members)投递简历时，同时在我公司网站注册：http://panel.huisheng-survey.com,并关注我司微信公众号" HUISHENG-SURVEY"，微博公众号"汇声调研"，添加请注明“职位-地点-姓名-手机号”，我司会根据你的资料选出The Best人员进行面试，谢谢！						
												

职能类别：
市场分析/调研人员
情报信息分析人员


关键字：
周末双休





,http://jobs.51job.com/guangzhou-yxq/66066450.html?s=01&t=0
数据分析,10-16发布,数据分析师,广州-天河区,1-2万/月,广州多融信息科技有限公司,招聘若干人,
五险一金;
餐饮补贴;
绩效奖金;
下午茶;
弹性工作;
;,
职位描述：
						岗位职责：1、负责贷款导流平台的流量经营分析，探索和建立业务增长体系；2、负责平台级风险监控体系建设；3、与各家贷款机构沟通数据加工策略，进行深度合作；任职要求：1、统招本科及以上学历，统计学等专业优先；2、3年以上数据分析和互联网金融等相关工作经验；3、熟练使用R、SAS等数据分析挖掘工具；4、对数据敏感，具备优秀的逻辑思维能力；5、需具备独立思考能力，能够细化目标，主动性强。						
												

职能类别：
数据库工程师/管理员





,http://jobs.51job.com/guangzhou-thq/93682478.html?s=01&t=0
数据分析,10-16发布,php开发工程师（数据分析方向）,广州-天河区,1-2万/月,广州小丑鱼信息科技有限公司,招聘若干人,
定期体检;
五险一金;
员工旅游;
餐饮补贴;
绩效奖金;
年终奖金;
弹性工作;
;,
职位描述：
						职位职责：1.手游平台的日志采集和分析；2.编写数据分析脚本，按需求完成各种数据的统计和分析。职位要求：1.1-3年php开发经验，需要有大数据相关经验；2.对linux和各种开源软件有广泛的了解；3. 有较强的逻辑思维能力和良好的团队合作能力。						
												

职能类别：
互联网软件开发工程师





,http://jobs.51job.com/guangzhou-thq/90274352.html?s=01&t=0
数据分析,10-16发布,数据分析主管,广州-萝岗区,6-8千/月,广州康臣药业有限公司,招聘1人,
五险一金;
免费班车;
专业培训;
出国机会;
绩效奖金;
年终奖金;
定期体检;
;,
职位描述：
						岗位职责：1、协助上级安排及协调组员在计划时间内完成各项常规工作（流向收集汇总、数据统计分析、基础信息更新完善、商业进销存对比）2、负责各项数据和报表的初审工作3、负责跟进每月工作的完成进度，发现异常需及时纠正并反馈4、严格按制度流程对外发送报表和数据5、上级交办的其他工作。任职资格：1、本科或以上学历，统计学、经济学、计算机等相关专业，3年以上相关数据管理工作经验。2、数据敏感度强、逻辑思维清晰、良好的领悟及沟通能力。3、具有较强的执行力和抗压能力，工作踏实、稳定。4、精通office办公软件，尤其Excel应用。						
												

职能类别：
业务分析经理/主管


关键字：
业务分析
销售行政主管
数据统计





,http://jobs.51job.com/guangzhou-lgq/78743183.html?s=01&t=0
数据分析,10-16发布,商品专员/数据分析专员/市场数据分析（电商）,广州-天河区,4-6千/月,广州睿钠意贸易有限公司,招聘1人,
五险一金;
;,
职位描述：
						职位描述：1、定期收集各个电商平台月、季、年度销售数据进行统计分析；2、定期分析商品结构，并制定货品合理化调整策略，编制并上报统计表；3、定期跟进渠道数据的采集管理，价格管理，提高商城转化率；4、监控各店铺及电商平台库消进度，提交库存合理化销售建议，规范货品管理流程；4、协调管理仓库出入库数据信息系统，维护和更新统计数据平台。任职资格：1、大专以上学历，英语口语良好，有1年以上电商平台数据统计分析经验优先；；2、了解/接触过或是希望朝电子商务行业发展（天猫、淘宝、京东、唯品会等）；3、熟悉运用金蝶软件录入订货单，销售单，退货单；4、对数据敏感，有较强的数据分析能力和逻辑思维能力；5、有商品管理、采购等经验者优先；工作地点位于珠江新城核心区域，交通十分便利，待遇从优，薪资与能力成正比。大小周工作制度（朝九晚六），无相关行业经验者请勿投递！						
												

职能类别：
业务分析专员/助理
市场分析/调研人员





,http://jobs.51job.com/guangzhou-thq/92036432.html?s=01&t=0
数据分析,10-16发布,大数据分析师,广州-番禺区,1.6-3万/月,广州彩猫网络科技有限公司,招聘1人,null,null,http://jobs.51job.com/guangzhou-pyq/90454242.html?s=01&t=0
数据分析,10-16发布,数据分析师,广州-越秀区,1-2万/月,广东英扬传奇广告有限公司,招聘1人,
五险一金;
年终奖金;
出国机会;
餐饮补贴;
周末双休;
领导好;
扁平化管理;
;,
职位描述：
						职位描述：工作职责 1.了解和挖掘客户需求，设计和改进数据解决方案 2.在创新建立分析模型方面输出有效的业务经验，帮助做商业落地转化 3.参与数字产品生命周期的各个环节，包含概念设计、产品规划、需求分析、产品功能设计、产品构建、以及产品优化和推广BD等各个环节 4.承担数据咨询服务的推介，负责数据分析项目的执行和管理，协调分析、产品、运营、设计等团队，保证客户满意度 5.持续不断地积累对互联网、新媒体以及所服务的客户的行业，关于品牌和产品的丰富认知 6.指导团队成员的研究分析和项目管理工作，实现人才培养和发展目标 职位要求 1.本科或以上学历，市场营销、企业管理、社会学、新闻学、心理学、广告学、电商、计算机信息系统等相关专业为佳 2.至少拥有2年以上相关数据分析经验，有汽车、FMCG行业客户经验为佳 3.具备良好的大数据市场敏感度和互联网产品商业意识 4.善于客户沟通/商业合作 5.具有较强的创新能力，逻辑性和执行力 6.深入解读客户的各类需求，拥有敏锐的商业意识						
												

职能类别：
数据库工程师/管理员


关键字：
数据分析师
数据挖掘





,http://jobs.51job.com/guangzhou-yxq/87349547.html?s=01&t=0
数据分析,10-16发布,急招数据分析师（应届生也可以）,广州-天河区,6-8千/月,广州灵动贸易有限公司,招聘1人,
五险一金;
员工旅游;
交通补贴;
弹性工作;
;,
职位描述：
						岗位工作内容：1、对市场数据进行跟踪、汇总及下发；2、负责对各营运指标进行统计，满足业务开展需求；3、制作销售漏斗，定期提供数据反馈，并提出优化方案；4、对重点问题及考核指标进行预警，协助跟进 ；5、负责数据相关项目工作，协助公司营销策略制定。岗位招聘要求：1、大学本科以上学历，统计学、应用数学专业优先；2、1年以上工作经验，有金融公司项目管理经验者可放宽要求；3、熟练操作OFFICE软件，掌握统计类软件操作，如：EXCEL、PPT、SPSS等，能生成报表工具及进引结果展示；4、对数字敏感，有较强的逻辑思维及数据处理能力；5、善于沟通，具有团队合作精神，有强烈的工作责任感。工作地点：天河东路153号国德大厦  公司电话：020-29835669 乘车路线：(石牌桥地铁站D出口，出去左走200米过马路对面第一个路口直走100米即到(国德大酒店)。进大厅左边电梯上9楼907						
												

职能类别：
业务分析专员/助理
业务分析经理/主管





,http://jobs.51job.com/guangzhou-thq/86909420.html?s=01&t=0
数据分析,10-16发布,数据分析工程师,广州-天河区,2-2.5万/月,北京国科恒通科技股份有限公司广州分公司,招聘2人,
五险一金;
员工旅游;
年终奖金;
通讯补贴;
弹性工作;
定期体检;
;,null,http://jobs.51job.com/guangzhou-thq/94259228.html?s=01&t=0
数据分析,10-16发布,数据分析师,广州-荔湾区,1-1.5万/月,唯品会（中国）有限公司,招聘若干人,null,
职位描述：
						工作职责：1、开展数据分析工作，基于数据分析成果，为管理层和业务部门提供商业策略分析和业务优化建议，持续改进运营效果；2、支撑时尚业务部的数据分析工作；能力要求：1）逻辑思维严密，有很好的分析能力和报告展示能力，有很好商业嗅觉；2）数据处理能力强，熟练使用SQL；学历要求：理工科相关专业本科以上学历。工作经验要求：1年以上数据分析工作经验，零售、互联网行业背景优先。工作地点：广州<div>


职能类别：
其他





,http://jobs.51job.com/guangzhou-lwq/79511764.html?s=01&t=0
数据分析,10-16发布,电商数据分析师,广州-天河区,4.5-6千/月,广东金仕网络科技有限公司,招聘若干人,
做五休二;
绩效奖金;
带薪年假;
五险一金;
专业培训;
节日福利;
;,
职位描述：
						岗位职责：1、负责分析各平台数据并针对各类问题提出解决方案和营销建议方案，销售数据分析的建立，数据分析报表的整合和规范、优化；2、专业的数据分析及做好竞争对手数据的采集、统计、评估与分析，并编制报表；3、建立部门每日、周、月、季、年度数据分析报表；4、整理平台客户资料，分析客户属性和消费行为，并通过购买习惯做出相关数据分析与建议；5、协助上级完成各项工作任务指标, 详细了解公司各项销售管理政策。任职资格：1、有二年以上电商数据分析经验；2、熟练掌握并操作Microsoft Office Word、Excel、PPT, 熟悉ERP软件各报表数据整合；3、有较强的需求分析能力、逻辑推理能力、沟通协调能力；4、严谨的工作态度及团队协作精神，面试时有成果案例优先；5、认真负责、抗压力强。						
												

职能类别：
店铺推广
网店/淘宝运营





,http://jobs.51job.com/guangzhou-thq/92015587.html?s=01&t=0
数据分析,10-16发布,商品数据分析专员,广州-荔湾区,5-7千/月,广州市韩调服饰有限公司,招聘2人,null,
职位描述：
						岗位职责：1、负责店铺销售日常分析管理；2、负责店铺进销存管理；3、负责店铺配货 ，补货、调货，退换货等相关事项；4、新店开业的上货计划；5、负责店铺盘点等 相关事项。任职要求：1、有服装商品专员工作经验1-3年；2、能接受单休及适当加班；3、熟悉运用ERP软件及办公软件。						
												

职能类别：
产品/品牌专员





,http://jobs.51job.com/guangzhou-lwq/78944854.html?s=01&t=0
数据分析,10-16发布,大数据分析工程师,广州,1.5-3万/月,广州市触通软件科技股份有限公司,招聘若干人,
五险一金;
餐饮补贴;
弹性工作;
年终奖金;
周末双休;
;,
职位描述：
						职位描述：1、根据项目需要，进行主题域及数据模型设计，包括概念模型、逻辑模型等；2、带领项目团队开展数据建模咨询工作，包括相关的调研、访谈等；3、根据项目需求，指导数据标准通过数据模型落地，与元数据系统对接等。岗位要求：1、本科及以上学历，数学、统计学、计算机相关专业，三年及以上金融行业信息化工作经验；2、熟悉银行业务，了解银行业务发展、科技发展趋势，有丰富的IT项目建设经验；3、精通数据模型设计方法论，具有金融业数据模型设计经验；4、熟悉金融行业数据模型及其客户化工作；5、熟悉UML、ER数据建模，精通至少一种数据建模工具；6、具备良好的沟通表达能力、文档编写能力，注重团队合作。工作环境及公司福利：1、临近中大地铁、中大校园，生活交通便利；2、同行业具有竞争力的职业晋升空间；3、双休，享有5天工作制和法定节假日假期；4、享有五险一金，带薪年假，餐补，节日礼金，免费零食等福利；5、试用期为2个月；6、不定期组织聚餐、旅游等员工活动。						
												

职能类别：
高级软件工程师


关键字：
周末双休
年终分红
带薪年假
五险一金
节日福利





,http://jobs.51job.com/guangzhou/79250723.html?s=01&t=0
数据分析,10-16发布,数据分析文员,广州-海珠区,4.5-6千/月,广东进业商贸广告有限公司,招聘若干人,null,
职位描述：
						工作职责： 1、负责基础销售数据的录入，单据整理、归档并根据数据汇总报表； 2、熟练使用常用办公软件制作各类相关报表； 3、协助营运主管对公司所有产品入库、备货、出库、整理、库存、盘点等管理；<div><span style="line-height: 20px;">4、依据各类型的销售数据对货品的流转进行策划、分配并在大型订货会中担任买手。 职位要求： 大专或以上学历，能熟练使用officc软件，工作细心，有责任心，对数字反映敏感，有零售行业工作经验者优先考虑，同时欢迎有志于加入零售行业的应届毕业生。


职能类别：
销售行政助理





,http://jobs.51job.com/guangzhou-hzq/68992584.html?s=01&t=0
数据分析,10-16发布,数据分析师,广州,1-2万/月,掌上快销,招聘1人,null,
职位描述：
						岗位职责：1.理解业务方向与战略，为公司运营决策.产品方向.销售策略提供数据分析报告；2.调研业务部门的数据需求，为业务部门提供数据指导及业务建议；3.能通过对货品及销售的数据分析，为部门业务发展提供战略建议；4.利用数据资源，分析客户的行为特征与消费属性变化，及时反馈给领导层或业务部门，对整体业务开展及营销变化提供数据支持等；5.与需求部门沟通，实现数据报表智能化任职要求：1.掌握hive.SQL等相关数据提取工具，熟练操  作excel.PPT等工具；2.具备良好的学习.沟通能力和团队精神；3.以下条件优先:   计算机.统计.数学.信息技术专业；   有零售.互联网.B2C分析经验						
												

职能类别：
业务分析经理/主管





,http://jobs.51job.com/guangzhou/88095483.html?s=01&t=0
数据分析,10-16发布,数据分析员,广州,4.5-6千/月,广州市番禺致丰微电器有限公司,招聘3人,
五险一金;
周末双休;
;,
职位描述：
						要求：1    应届硕士文科或理科毕业生2    大学英语六级或以上, 能流利用英语书写及日常沟通3    具备良好的逻辑思维和常识5.   性格外向, 善于与各部门沟通能, 处事圆滑注: 数据分析员必须雍有应用数学或统计学本科程度, 懂得使统计学R, SPSS, Mintab, Python或BI软件进行Predictive modeling, Data mining, Decision management/deployment, and big data analytics.						
												

职能类别：
其他





,http://jobs.51job.com/guangzhou/94824861.html?s=01&t=0
数据分析,10-16发布,数据分析师,广州,5-8千/月,广东正誉医疗科技有限公司,招聘1人,
五险一金;
餐饮补贴;
定期体检;
;,
职位描述：
						岗位职责：1.通过对用户及运营、产品理解，分析各层级用户特征数据；2、根据用户行为数据，挖掘不同类型用户的行为特性，为实际的业务运营提供数据支持；3.参与核心业务运营数据，为用户运营、内容运营、产品设计等提供科学的依据；4、搭建全业务线指标体系，通过监控、分析及时发现业务问题；5、定期输出行业、竞争对手、用户等分析报告；任职要求：1、大学本科或以上学历，统计、数学、计算机软件、管理信息系统等相关专业2、两年以上数据分析或建模工作经验；3、熟悉常用数据算法和建模，如：决策树、聚类、逻辑回归，关联分析、SVDD，boosting等；4、至少掌握一种数据分析软件，如R、SPSS Clementine、Python、SAS等，熟悉数据分析的体系架构与方法；5、至少掌握一种数据库，如Oracle、MySQL等优先。						
												

职能类别：
其他


关键字：
数据分析





,http://jobs.51job.com/guangzhou/93559920.html?s=01&t=0
数据分析,10-16发布,数据分析员,广州-天河区,1-1.5万/月,广州蕾莎拉贸易有限公司,招聘1人,
五险一金;
周末双休;
弹性工作;
绩效奖金;
;,null,http://jobs.51job.com/guangzhou-thq/94442787.html?s=01&t=0
数据分析,10-16发布,数据分析师(BI),广州-天河区,1-1.5万/月,广州新格信信息科技有限公司,招聘3人,
五险一金;
补充医疗保险;
补充公积金;
员工旅游;
交通补贴;
餐饮补贴;
专业培训;
绩效奖金;
年终奖金;
定期体检;
;,
职位描述：
						岗位职责：1）数据分析/抽取/加工/装载；2）辅助咨询顾问完成报表、查询、多维分析等业务功能需求分析；3）完成任务开发过程模型设计，优化现有数据仓库架构；4）指导初级人员进行数据库开发的调优等；5）负责银行数据仓库、银行绩效等系统设计、开发工作。任职要求：1）银行业BI类项目经验；2）熟练掌握Datastage，Congos等ETL/BI工具的实施开发，熟悉主流数据库技术如：DB2，Oralce等；3）具备银行业数据模型设计经验，熟悉ETL技术、OLAP技术，具备银行业数据仓库架构能力优先；4）工作态度踏实认真，喜欢自己亲自动手，将原始数据转换成业务用户需要的信息；5）抗压性强，可接受随项目出差及加班；6）有银行数据仓库系统建设经验优先。						
												

职能类别：
其他





,http://jobs.51job.com/guangzhou-thq/94790609.html?s=01&t=0
数据分析,10-16发布,数据分析师,广州-天河区,1-2万/月,广州爱肝宝健康科技有限公司,招聘1人,null,
职位描述：
						【工作描述】1、 规划和定义公司的数据埋点及数据平台；2、 结合公司策略，根据用户的基础信息、行为数据等洞察和研究会员画像，挖掘新的机会点并提出实施性建议；3、 分析平台用户数据,将产品的功能需求进行量化,协助产品人员深化产品功能.4、 为开发、运营等部门提供必要的数据支持。【职位要求】1、 统计或计算机相关专业本科以上学历，较强的逻辑思维能力及数据分析、数据解读能力，熟悉数据收集、清洗、分析方法及常用的数据挖掘算法；2、 能熟练运用SPSS、SAS等数据分析工具进行分析与挖掘；3、 掌握Python、R等至少一门脚本语言，有大数据分析经验者优先；						
												

职能类别：
其他





,http://jobs.51job.com/guangzhou-thq/92716487.html?s=01&t=0
数据分析,10-16发布,数据分析助理经理,广州-天河区,1.5-2万/月,合生元集团—广州总部,招聘1人,
周末双休;
弹性工作;
五险一金;
节日福利;
餐饮补贴;
;,
职位描述：
						1.3年以上数据分析工作经验，熟练掌握SQL/SAS等各类分析工具，熟悉常见需求场景;2.具备数据挖掘分析能力与相关工作经验；能结合消费品行业特点，针对用户的购物消费特征，分析用户的偏好，利用挖掘的所有用户信息，提出针对消费者的精准营销方向和策略，并和业务团队沟通； 3.根据业务需求，完成专题性数据分析挖掘项目，形成报告和结论，输出业务策略和可行的方案；有专业的数据分析报告写作经验等优先考虑；4.具备一定的项目或数据团队管理经验，较强的沟通协调能力。任职资格：1.本科以上学历2.2年以上工作经验3.用工具，SQL或者SAS4.具备数据分析经验和一定模型能力5,能写相关报告6.较强的沟通能力和执行能力7.具备一定的抗压能力8.有项目或者团队管理经验						
												

职能类别：
其他





,http://jobs.51job.com/guangzhou-thq/94605180.html?s=01&t=0
数据分析,10-16发布,数据分析,广州-天河区,5-7千/月,广州亿磐软件有限公司,招聘1人,
做五休二;
周末双休;
带薪年假;
五险一金;
节日福利;
专业培训;
餐饮补贴;
;,
职位描述：
						1.   熟练运用Excel进行数据处理（比如最基本的：Pivotable, vlookup, sumif等）2. 有大数据处理技能，熟悉关系型数据库，语言SQL/HIVE优先；3. 较强的逻辑思维能力，能够独立思考并且解决问题；4. 较强的表达能力，能够与团队相互协作。						
												

职能类别：
其他





,http://jobs.51job.com/guangzhou-thq/88293608.html?s=01&t=0
数据分析,10-16发布,数据分析师,广州,6-8千/月,亿磐系统科技（苏州）有限公司,招聘2人,
五险一金;
补充医疗保险;
员工旅游;
餐饮补贴;
年终奖金;
;,
职位描述：
						职位描述：1、协助数据团队创建和清理数据，运行简单的SQL查询，在分析数据前做清理准备2、使用百度API将经度/纬度值分配给12 000个商店的地址,手动检查正确性3、12000产品的分类列表4、从SQL数据库提取用户数量、购买品牌等信息职位要求：1、大学专科以上学历，统计学，数学，经济等相关专业，2-3年相关工作经验；2、熟悉互联网行业，有网站数据分析和数据挖掘经验者优先；3、精通Excel、熟悉SAS/SPSS等数据统计分析的工具；熟悉SQL语言；4、较强的学习能力，对数字敏感，逻辑思维能力强；5、具备良好的沟通能力和团队精神，能够承受工作压力；6、懂Python,Linux,可视化工具等优先考虑						
												

职能类别：
数据库工程师/管理员





,http://jobs.51job.com/guangzhou/81094311.html?s=01&t=0
数据分析,10-16发布,商品专员/ 数据分析/客服专员,广州-白云区,3-4.5千/月,广州市晟宇鞋业有限公司,招聘3人,
节日福利;
;,
职位描述：
<p align="left"><b>【温馨提示】</b><p>首先，感谢你关注晟宇鞋业的招聘信息。<p>为了帮助你更好地找到称心如意的工作，我们建议你在投递简历前，了解晟宇鞋业与简介JOSINY（卓诗尼）品牌，详细信息可以浏览网址http://www.josiny.com<p>【岗位职责】<p>1.负责加盟客户/直营店日常货品的配发调拨和管理，同时货品销售情况统计和分析以及销售数据分析，配、补、调、退等日常管理 工作； 2.货品计划完成进度的跟进及完成，跟进补货量和畅销补货比例； 3.根据销售反馈情况进行货品的调配，提高货品的有效性； 4.零售年度销售计划和促销计划的执行和跟踪； 5.监控库存状态，合理有效提出库存调整的合理化建议并与部门共同分析调整方案； 6.完成上司交付的临时性工作。 <p>【任职要求】 1、男女不限，有货品分析工作经验优先； 2.计划管理能力强.统筹进货量.库存量等.达到进销平衡； 3.有鞋、服装相关工作经验； 4.具有一定数据敏感度，良好的数据分析能力； 5.能承受较强的工作压力，细心、责任心强，有较强的学习能力。 <p><div><p><p><strong>【职业发展渠道】</strong><strong></strong><p>商品专员 --&gt;商品主管 --&gt; 商品经理


职能类别：
客服专员/助理


关键字：
商品
数据
配货





,http://jobs.51job.com/guangzhou-byq/52928804.html?s=01&t=0
数据分析,10-16发布,电商数据分析师,广州-越秀区,5-8千/月,广州九美仟惠生物科技有限公司,招聘1人,
年终奖金;
绩效奖金;
专业培训;
员工旅游;
节日福利;
结婚生育礼金;
周末双休;
带薪年假;
带薪春节假;
;,
职位描述：
						岗位职责：1、负责店铺数据收集整理并分析，对多种结构的数据源进行组合分析、挖掘、建模，为运营、推广提供优化方向和支持；2、负责产品销售数据分析，并根据每个季度的产品规划及新品销售，为产品推广提供优化方向和支持；                                                             3、辅助完成市场分析报告，对现有市场情况及风险情况进行评估，为电商总监决策提供数据和策略支持；4、CRM数据收集并分析，为CRM运营决策提供支持。任职要求：经验及背景1、有电商行业运营相关经验者优先；2、具备较强的数据分析逻辑思维以及数据分析能力；3、熟悉各平台的业务流程，工作积极主动，敢于承担压力。专业知识/技能1、熟练掌握MySQL数据库、Excel等其他数据分析软件 ；2、对数据敏感，较好的逻辑分析能力，喜欢数据分析工作；3、规划能力 、沟通能力、逻辑思考能力佳。性格特征1、有热情，团队合作精神、热爱电商行业者优先；2、具有较强的抗压能力，吃苦耐劳、认真积极，拥有较强责任心其他有良好的沟通技能，以及团队协作精神，工作认真负责，勤奋、有上进心，愿意挑战自我。						
												

职能类别：
市场分析/调研人员
网店/淘宝运营





,http://jobs.51job.com/guangzhou-yxq/94731387.html?s=01&t=0
数据分析,10-16发布,商品数据分析,广州,6-8千/月,广州市汇美时尚集团股份有限公司,招聘1人,
五险一金;
餐饮补贴;
节日福利;
加班补贴;
出差补贴;
免费班车;
体检;
;,
职位描述：
						工作职责1、定期分析商品结构及销售情况，了解供应商供货情况和库存监控与市场行情分析；2、线上平台淘宝、京东、唯品、市场信息收集、整理对手分析，同类目分析，规划商城商品结构；3、跟进商城商品基础数据的情况，确保商城基础数据信息的完整与准确；4、定期跟进渠道数据的采集管理，价格管理，提高商城转化率；定期提供商城类目、单品、全店商品销售分析报表，销售目标完成情况分析。任职资格1、对数据敏感，有较强的数据分析能力和逻辑思维能力；2、熟悉商品管理、运营，有电商平台数据统计分析经验优先考虑；3、对高端女装的产品有一定了解。						
												

职能类别：
其他


关键字：
数据
商品
女装
电商





,http://jobs.51job.com/guangzhou/92287281.html?s=01&t=0
数据分析,10-16发布,商品数据分析,广州-白云区,3-4.5千/月,广州市淑都服饰有限公司,招聘1人,
带薪年假;
五险一金;
包吃;
包住宿;
绩效奖金;
全勤奖;
大小周;
;,
职位描述：
						1、负责商品数据收集、汇总。2、负责沟通客户货品调换等相关事项3、负责对直营终端店铺销售数据汇总。4、协助数据主管分析商品数据并记录。任职要求：1、男女不限，年龄23岁以上，财务管理，会计等专业大专以上学历；2、能熟练运用office软件，懂得execl初等函数运用；3、具备良好的学习意识、细致谨慎的处事作风、积极向上的工作态度，以及齐心协力的团队精神；4、服从上级安排，可适应短期出差。						
												

职能类别：
其他





,http://jobs.51job.com/guangzhou-byq/87840646.html?s=01&t=0
数据分析,10-16发布,数据分析师/数据挖掘分析师,广州-天河区,6-8千/月,北京德瑞信通科技有限公司,招聘1人,
五险一金;
交通补贴;
餐饮补贴;
通讯补贴;
专业培训;
带薪年假;
;,
职位描述：
<span style="FONT-SIZE: 10.5pt"><p>岗位要求：<p>1、本科以上学历，统计学、数量经济、数据挖掘、应用数学类专业，有较强的数学功底和扎实的统计学、数据挖掘理论功底；<p>2、关注电信行业的竞争发展现状与动向；<p>3、有电信行业数据挖掘工作经验；<p>4、能从咨询顾问角度识别问题与分析问题；<p>5、注重团队合作，擅长沟通表达；<p>6、熟练运用office办公软件，精通IBM IM/SPSS Clementine /SAS EM等工具使用，精通自编挖掘算法；<p>7、有较强的市场敏感度，分析能力强；<p>8、须备良好的职业素质与敬业精神；<p>9、能够按照公司要求出差；<p>10、熟悉电信运营商数据业务开发、推广，有数据挖掘项目实施经验者优先，有CRM知识，理念和实践者优先。<p>岗位职责：1、参与数据业务市场监测、分析、规划和研究工作；<p>2、根据分析、诊断结果，建立分析模型并优化，撰写报告，为公司运营决策、产品方向、销售策略等提供数据支持；<p>3、共同或独立承担数据业务咨询项目；<p>4、指导、培训公司内部人员利用专业数据分析、挖掘工具进行数据整理。


职能类别：
专业顾问
调研员


关键字：
数据分析师
数据挖掘师
咨询员
咨询顾问
统计分析
电信
咨询
通信
研究员
专业顾问





,http://jobs.51job.com/guangzhou-thq/81333486.html?s=01&t=0
数据分析,10-16发布,数据分析助理,广州-番禺区,3-4.5千/月,广州市微咨精博企业管理咨询服务有限公司,招聘1人,
专业培训;
绩效奖金;
年终奖金;
员工旅游;
全勤奖;
;,
职位描述：
<p align="left"><b>工作职责：</b><b></b><p>1、 负责数据处理流程管理和控制，核对问卷，保证数据真实、准确、详尽；<p>2、 根据数据出具数据报告，负责数据的检验、逻辑查错。<p>3、 负责根据项目具体情况设计相应的报告模板并出具分析报告。<p align="left"><b>任职要求：</b>1. 大学专科以上学历，3年以上工作经验，有数据分析工作经验者或会计、统计工作优先；2. 具有较强的逻辑思维能力和分析能力，有较强的独立解决问题的能力；3. 对数据敏感，善于对数据进行分析整理，并运用专业数学方法进行统计分析得出结论；4. 对数据分析有丰富经验，能够独立的建立一些基本的数据模型；5. 具有极强的责任心，良好的团队协作精神，优秀的组织纪律性，工作细致，条理性强，良好的技术文档编写及表达能力及沟通协调能力。<p>工作能力：严谨的逻辑思维能力、学习能力、言语表达能力、管理能力。<p>工作态度：积极主动、工作认真、工作严谨


职能类别：
业务分析专员/助理
市场分析/调研人员





,http://jobs.51job.com/guangzhou-pyq/90455665.html?s=01&t=0
数据分析,10-16发布,数据分析主管,广州-荔湾区,1-1.5万/月,国安社区（广州）科技有限公司,招聘1人,
周末双休;
五险一金;
绩效奖金;
年底双薪;
带薪年假;
餐饮补贴;
通讯补贴;
交通补贴;
公积金12%;
节日礼金;
;,
职位描述：
						岗位职责：1、负责为集团的经营、业务发展及资本运作等事项提供数据分析和决策依据并参与公司重要事项的分析决策与组织执行；2、公司年度战略经营计划的草拟、讨论及确定，参与各业务单位的经营管理指导与监督、商业发展模式及管理思路的探索；3、负责检查公司经营计划、财务指标、重要决策的执行情况，并促进协同落实；4、负责经营数据分析，指标分解，经营策划及实施方案汇总和跟进，重要会议资料整理，数据收集；5、负责会议任务事项分解、督办，各类公文处理等日常工作；任职要求：1、企业管理、财务管理、经济管理相关专业本科及以上学历；2、3年以上数据分析经验，具有管理能力、业务能力、较强的亲和力和优秀的人际关系处理技巧；3、熟练使用办公软件，执行力强、良好的沟通能力、承压能力、综合实力较强；						
												

职能类别：
数据库工程师/管理员





,http://jobs.51job.com/guangzhou-lwq/94277754.html?s=01&t=0
数据分析,10-16发布,数据分析师,广州-海珠区,6-8千/月,广州市凡晓芸贸易有限公司,招聘若干人,
五险一金;
员工旅游;
弹性工作;
绩效奖金;
;,
职位描述：
<p>1.产品上市后的销售进度跟进/分析； 2.根据售情况，有计划进行货品补货、调拨控制，保持库存结构的合理性和库存周转的高效率； 3.追踪各季各期新品或补单货品的货期； 4.定期收集终端回馈信息，回馈给相关部门； 5.定期进行销售数据分析，对货品进销存情况进行统计与汇总并出具分析报告 ； 6.商品审计相关工作； 7.上级临时分派任务。 <p>岗位要求：1.大专以上学历，熟悉Excel, PowerPoint，熟悉文档、表格等处理操作； 2.拥有较强的数据分析能力和货品调控能力； 3.具备基础的沟通技巧，为人性格纤细，外向，有责任心； 4.具备二年以上行业商品数据管理工作经验优先。


职能类别：
业务分析专员/助理
市场分析/调研人员


关键字：
数据分析
商品分析





,http://jobs.51job.com/guangzhou-hzq/92872815.html?s=01&t=0
数据分析,10-16发布,数据分析师,广州,1-2万/月,广州荔枝网络有限公司,招聘1人,
五险一金;
弹性工作;
专业培训;
年终奖金;
;,
职位描述：
						岗位职责：1.负责视频平台数据仓库架构设计、建模和开发，构建可扩展的数据仓库和分析方案；2.负责建立用户数据分析模型，并在模型上实现产品策略相关算法；3.参与产品分析和解释产品方向，为产品改进，推广试验等提供数据支持。任职要求：1.2年以上工作经验，本科及本科以上学历；2.有视频、资讯、社交类大众产品经验者优先；3.有大数据集、分布式计算工具工作经验优先；4.有扎实的数据结构和算法功底。						
												

职能类别：
数据库工程师/管理员





,http://jobs.51job.com/guangzhou/88861327.html?s=01&t=0
数据分析,10-16发布,数据分析师,广州-天河区,4-6千/月,上海沃势文化传播有限公司广州分公司,招聘若干人,
做五休二;
弹性工作;
带薪年假;
五险一金;
绩效奖金;
全勤奖;
节日福利;
餐饮补贴;
;,
职位描述：
						你可以1、负责监控数据，实时发现并解决广告投放中出现的问题；2、分析市场投放效果并提出有建设性的改进意见、 你就是战争中的军师！我们需要这样的你！1、我们需要数学、统计学或计算机相关专业的童鞋；2、能看懂武功秘籍，精通excel,能通过各种数据看出游戏走势，修炼过数据分析内功、熟悉Mysql、Python、SPSS，HADOOP,HIVE等语言会是加分项哦！3、必须要知道数据分析是多么重要滴程序,具备绝对的细心，善于总结分析避免两次掉进同一个坑里。						
												

职能类别：
其他





,http://jobs.51job.com/guangzhou-thq/93947384.html?s=01&t=0
数据分析,10-16发布,工业大数据分析师,广州-越秀区,0.8-1万/月,广州智慧城市研究院,招聘3人,null,
职位描述：
						3人岗位描述：（工作前2年需常驻北京）1）负责工业大数据相关产业和关键技术发展跟踪和研究；2）参与工业大数据清洗、分析等项目的预研、需求分析和架构设计，推动项目实施；3）承担政府委托的支撑工作以及其他领导交办的工作。职位要求：1）硕士研究生及以上学历；2）数学与计算科学、应用数学、应用统计、计算机应用、软件专业（大数据方向）；3）熟悉数据清洗算法，掌握一种数据分析软件工具（如SAS, SPSS, R、MatLab等）；4）有一定程序开发经验（Java, C++等）；5）具有清晰的系统思维逻辑，对解决行业实际问题有浓厚兴趣。请有意者将简历以 姓名-应聘岗位 命名 将简历发送到 lhrh@caict.ac.cn						
												

职能类别：
其他





,http://jobs.51job.com/guangzhou-yxq/83717129.html?s=01&t=0
数据分析,10-16发布,数据分析师,广州-天河区,0.8-1.5万/月,美甲帮,招聘1人,
五险一金;
员工旅游;
餐饮补贴;
绩效奖金;
年终奖金;
定期体检;
股票期权;
住房补贴;
;,
职位描述：
						岗位职责：1、负责项目的日常数据监控。包括每日、每月和季度分析、重点事件的即时分析；2、 负责构建产品、运营及活动用户行为评估体系，通过数据分析对产品、研发、运营、市场提出建议并推动实施；3、 负责用户行为调研，通过海量数据的挖掘和分析，形成报告，汇报给决策层，支持战略规划；4、整理编写商业数据分析报告，及时发现和分析其中隐含的变化和问题，为业务发展提供决策支持。任职资格:1、大学本科以上学历，计算机、电子、数学、经管等相关专业优先；2、熟练掌握多种统计和挖掘方法，熟练使用SPSS、SAS等相关数据分析软件，熟练掌握SQL；3、较强的数据敏感度，逻辑分析能力和文档写作能力；4、有移动端产品数据分析或者数据后台系统相关经验的优先；6、学习能力强，拥有优秀的逻辑思维能力，工作认真负责，沟通能力良好。注：为了提高面试效率，在电话邀约前，简历已经通过部门的初步筛选。						
												

职能类别：
其他





,http://jobs.51job.com/guangzhou-thq/79165570.html?s=01&t=0
数据分析,10-16发布,数据分析主管,广州,null,香港澳美制药厂有限公司,招聘1人,null,
职位描述：
						1. 协助上级制定销售效力相关的各项内控标准和管理体系，确保在行业的竞争力；2. 协助上级开展年度销售目标制定和分解、销售KPI体系设计，并对相关业务流程和规范进行改善；3. 负责验收各销售BU的年度BP各关键事件的执行效力；4. 协助上级提升销售效力评估系统，组织各相关部门诊断业务战略执行中的各类问题，推进落实销售效力的整改行动；5. 提供SFE相关的知识和技能培训，提升销售效力；6. 参与建设SFE管理所涉及的IT平台系统；7. 协助相关部门进行销售奖金体系的设计工作；8.上级授权的其他工作。任职资格：1. 管理、市场营销等专业本科以上学历；2. 至少3年以上医药行业从业经验，制药公司2年销售大区或总监助理工作经验；有SFE或者其他销售业绩管理系统的相关管理经验者优先；3. 有很强的数据分析能力和洞察力；4. 熟悉销售、市场潜力分析、指标设定、人员岗位分配、报表系统建立；5. 敏锐的市场敏感度，优秀的逻辑分析和判断能力；6. 优秀的管理能力、组织协调能力及目标管理能力；7. 具有较强的销售管理能力与认知；						
												

职能类别：
其他





,http://jobs.51job.com/guangzhou/92905260.html?s=01&t=0
数据分析,10-16发布,游戏数据分析师_HL,广州-番禺区,1-5万/月,广州华立科技股份有限公司,招聘若干人,
五险一金;
绩效奖金;
年终奖金;
包餐;
带薪年假;
员工活动;
;,
职位描述：
						岗位职责：1、完成需求分析、样本抽样、模型构建、指标定义以及相关文档编写；2、负责对数据库信息进行挖掘、分析，从海量数据提炼核心结果； 3、通过对数据的分析，能够分析玩家的痛点和热点问题，主动对数据做各维度对比并能提出建设性意见。任职条件：1、熟练使用数据库，MySQL/Oracle/SQLServer至少熟练使用一种数据库工具；2、熟练掌握Hive/SQL，掌握Python/R等一种以上常用数据挖掘编程语言；3、熟悉Python/R相关数值科学计算库（NumPy/Scipy等）；4、熟练使用分析工具优先（SAS/SPSS/MATLAB等相关工具）；5、对数据驱动业务有深入理解，对数据与业务方面有足够敏感性；6、大专学历计算机相关专业，3年以上游戏开发经验。优先条件：1、有大数据数据挖掘或大数据并行处理经验者优先；2、有ETL经验者优先； 3、熟悉数据库的维护和性能调优经验者优先；4、有机器学习开发经验者优先。						
												

职能类别：
数据库工程师/管理员
系统分析员





,http://jobs.51job.com/guangzhou-pyq/89055668.html?s=01&t=0
数据分析,10-16发布,大数据分析师（数据研究员）,广州-天河区,0.6-1.2万/月,广州泰达保安服务有限公司越秀分公司,招聘1人,
五险一金;
员工旅游;
定期体检;
年终奖金;
;,
职位描述：
						职责描述：1、 支持数据服务项目的执行，参与处理并分析互联网运营数据、网络用户行为数据、或网络广告和营销推广数据，并承担数据分析报告撰写2、 研究和分析互联网用户行为，以及网络营销和网络广告数据，建立数据分析方法和模型；3、 负责客户对定制数据的需求，参与数据数理，建立算法支持和解决方案，提供算法说明文档；4、 对数据进行定期检验，保证数据的准确性、稳定性、全面性；监测和追踪数据异常波动；负责建立和优化公司的互联网数据字典职位要求：1、统计学、数学等相关专业大学本科（含）以上学历；2、3年（含）以上互联网相关公司或市场调研机构工作经验；有志于在互联网人力资源行业发展，具有互联网运营分析、用户行为分析或在线营销分析等经验者优先；3、会数据建模；4、精通1种以上统计分析工具软件，如SPSS、SAS，熟练使用EXCEL等工具；5、熟练使用SQL语言，进行Oracle数据库查询和计算处理；6、有较强的数据敏感度和数据逻辑性；7、良好的逻辑分析能力和文档写作能力；						
												

职能类别：
市场分析/调研人员
情报信息分析人员


关键字：
统计
数据分析
大数据
市场调研





,http://jobs.51job.com/guangzhou-thq/89172627.html?s=01&t=0
数据分析,10-16发布,数据分析工程师,广州-天河区,0.8-1.5万/月,广东新华南方软件外包有限公司,招聘2人,null,
职位描述：
						任职资格：  1. 熟练编写SQL语句； 2. 1年以上Oracle使用经验； 3. 3年以上工作经验； 4. 有数据分析工作经验优先考虑； 5. 能出差 。						
												

职能类别：
其他





,http://jobs.51job.com/guangzhou-thq/85448151.html?s=01&t=0
数据分析,10-16发布,数据分析员,广州-越秀区,3-4.5千/月,广东赛立信数据资讯股份有限公司,招聘1人,
五险一金;
补充医疗保险;
员工旅游;
年终奖金;
绩效奖金;
专业培训;
;,
职位描述：
						岗位职责：1、数据部日常数据处理、数据分析工作；2、日常数据库编辑和管理3、上级领导交办的其它工作。岗位要求：1、有一定计算机基础，懂基本的编程，对数据库管理有一定了解；2、熟悉常用办公软件及spss等统计分析软件；3、有数据分析经验和统计学专业优先。如经验能力较强者，可应聘高级数据分析员等职位。正式员工薪酬福利：1.工作时间：五天八小时工作制，周六日双休；2.带薪假期：享受国家法定节假日、婚假、产假（陪）、病假、丧假、年假等；3.福利待遇：六险（重大疾病险）一金，具竞争力的薪酬；4.节假贺礼：重大节日礼品/礼金；5.公司活动：定期组织文体活动、聚餐活动；6.企业培训：新员工入职培训、部门培训、职能培训；7.职业发展：健全的职位晋升通道、广阔的职业发展平台。						
												

职能类别：
信息技术专员
系统分析员


关键字：
分析员
系统
编程
spss
技术
专员
信息
周末双休
带薪年假
出差补贴





,http://jobs.51job.com/guangzhou-yxq/37271954.html?s=01&t=0
数据分析,10-16发布,诚聘销售数据分析员,广州-番禺区,3.5-4.5千/月,广州市贝奇饮料有限公司,招聘3人,
五险一金;
绩效奖金;
通讯补贴;
包住宿;
专业培训;
;,
职位描述：
						岗位职责：1、负责销售数据的收集、整理、汇总2、能独立分析数据，找出异常数据，并编制报表，形成报告3、做好统计资料的归档以及更新5、结合统计指标体系，完善和改进统计方法任职资格：1、熟练使用excel报表、函数，透视表处理数据2、对数据敏感，有较好的逻辑思维能力，能独立撰写数据分析报告3、有良好的团队合作精神4、大专以上学历，统计学、数学相关专业、或1年以上从事过销售数据分析工作优先上班时间：朝8晚6，中午休息2小时，月休4天联系人：18922262597、陈生						
												

职能类别：
统计员


关键字：
数据分析





,http://jobs.51job.com/guangzhou-pyq/88289353.html?s=01&t=0
数据分析,10-16发布,数据分析师,广州-白云区,0.6-1万/月,广州市淘淘乐品牌管理有限公司,招聘1人,
绩效奖金;
年终奖金;
专业培训;
餐饮补贴;
员工旅游;
五险一金;
;,
职位描述：
						岗位职责：1、 调研业务部门的数据需求，为运营，产品，销售提供数据分析报告；2、利用数据资源，分析客户的行为特征与消费属性变化,对整体业务开展及营销变化提供数据支持等；3、协助对业务数据进行分析建模；4、进行各项转化率、内容偏好、功能需求、访问路径等方面的数据挖掘和分析。岗位要求：1、数学（计算数学、数理统计等）、计算机科学（信息检索、数据挖掘等）相关专业，全日制本科以上学历 ；2、3年以上的网站数据分析经验，熟悉GA、Omniture等各种统计分析工具，熟悉R优先；3、具备数理统计的基础知识，熟练掌握Office办公软件，Excel表格函数应用较熟，熟悉SQL，逻辑性强，对数字敏感，思维缜密，具有一定的数据建模能力；4、擅长进行数据分析和数据挖掘,熟悉BI领域，数据仓库产品，数据挖掘工具；5、工作细心，认真负责，有团队精神，有钻研精神，具备较强学习能力和沟通能力						
												

职能类别：
数据库工程师/管理员


关键字：
数据分析
数据整理
数理统计
数据分析报告





,http://jobs.51job.com/guangzhou-byq/85918076.html?s=01&t=0
数据分析,10-16发布,商品企划专员（数据分析员）,广州,4.5-6千/月,广州品立服装有限公司,招聘1人,
五险一金;
员工旅游;
交通补贴;
年终奖金;
绩效奖金;
专业培训;
通讯补贴;
餐饮补贴;
;,
职位描述：
						工作内容：1、根据当季商品企划，负责商品上市销售分析、销售进度、及库存预警项目的数据分管控工作，跟踪从下单、货期生产、发货进度及数据汇总分析，及时处理异常问题2、负责订货会/下单会项目工作之各项数据分析报表、及商品资料建档工作3、负责商品图片建档及相关样衣档案管理工作4、审核供应商等各渠道出货、退货、补货单据和额度，及时更新ERP系统数据5、每月对各竞品信息收集、记录及分析，需做到准确性、及时性，及可供参考的价值性。6、协助部门处理文件归档，及上级安排的任务。任职资格：1、大专及以上学历，市场营销、统计学专业2、3年以上服装相关从业经验，有货控管理、商品企划、数据分析经验者优先。3、熟悉服装行业运营操作流程；.良好的数据分析能力，有丰富的数据分析、挖掘、清洗和建模的经验；4、熟悉互联网数据采集，具备大数据处理能力 , 熟练精通Excel数据透视表及各类EXCEL函数公式；5、善于沟通，具有良好的团队合作精神；6、 有互联网行业数据分析工作、做过数据挖掘行业的优先。						
												

职能类别：
市场企划专员
产品/品牌专员


关键字：
商品专员
数据分析员
货控
货品专员
商品企划





,http://jobs.51job.com/guangzhou/78263071.html?s=01&t=0
数据分析,10-16发布,大数据分析师（数据研究员）,广州,0.6-1.2万/月,广州红海网络科技开发有限公司,招聘1人,
五险一金;
员工旅游;
定期体检;
周末双休;
;,
职位描述：
						职责描述：1、 支持数据服务项目的执行，参与处理并分析互联网运营数据、网络用户行为数据、或网络广告和营销推广数据，并承担数据分析报告撰写2、 研究和分析互联网用户行为，以及网络营销和网络广告数据，建立数据分析方法和模型；3、 负责客户对定制数据的需求，参与数据数理，建立算法支持和解决方案，提供算法说明文档；4、 对数据进行定期检验，保证数据的准确性、稳定性、全面性；监测和追踪数据异常波动；负责建立和优化公司的互联网数据字典职位要求：1、统计学、数学等相关专业大学本科（含）以上学历；2、3年（含）以上互联网相关公司或市场调研机构工作经验；有志于在互联网人力资源行业发展，具有互联网运营分析、用户行为分析或在线营销分析等经验者优先；3、会数据建模；4、精通1种以上统计分析工具软件，如SPSS、SAS，熟练使用EXCEL等工具；5、熟练使用SQL语言，进行Oracle数据库查询和计算处理；6、有较强的数据敏感度和数据逻辑性；7、良好的逻辑分析能力和文档写作能力；						
												

职能类别：
市场分析/调研人员
情报信息分析人员


关键字：
统计
数据分析
大数据
市场调研





,http://jobs.51job.com/guangzhou/89171667.html?s=01&t=0
数据分析,10-16发布,数据分析师,广州-越秀区,6-8千/月,泛华保网电子商务有限公司,招聘2人,null,
职位描述：
						职责：1、	日常的市场数据分析2、	负责各位常规项目的数据分析，根据数据分析结果撰写相应分析报告要求：1、	市场营销、保险、统计学、应用数学、信息与计算机科学等相关专业优先2、	喜欢跟数据打交道，对数据敏感，做事细心，有责任感、有较强的逻辑思维能力3、	熟悉Office软件的常用功能，尤其是excel和ppt						
												

职能类别：
数据库工程师/管理员





,http://jobs.51job.com/guangzhou-yxq/72165000.html?s=01&t=0
数据分析,10-16发布,资料管理员/数据录入/数据比对/数据分析,广州-海珠区,3-4千/月,广州和旅国际旅行社有限公司,招聘若干人,
五险一金;
员工旅游;
绩效奖金;
;,
职位描述：
<p><strong>岗位职责：</strong> 1. 酒店资料数据管理，包括数据录入、数据比对、数据分析等； 2. 对系统数据进行匹配（人工或半人工）；3. 上级交待的其它事项。<p><strong>任职要求：</strong> 1. 学历不限，酒店旅游相关专业优先考虑； 2. 工作细心负责任，领悟力强，沟通能力良好，愿意学习，了解酒店行业优先考虑； 3. 有一定英语读写水平着优先考虑。<p><strong>员工福利：</strong> 1. <strong><u>双休！双休！双休！</u></strong>重要的事情说三遍。我们拒绝长短周（单双周），真正的让员工的休息落到实处——<strong>行业内少有的每周休息两天（每月休8天）的公司</strong>； 2. 五险一金：养老保险、医疗保险、失业保险、工伤保险、生育保险，还有住房公积金！——<strong>行业内少有的购买住房公积金的公司</strong>； 3. 每年两次旅游机会，其中有一次是出国旅游！——<strong>行业内少有的提供出国旅游机会的公司</strong>； 4. <strong>行业内少有的每月一天带薪病假！ </strong>5. 庆生会+节日福利+集体活动+下午茶+冰箱+微波炉……我们就不一一阐述了，等您加入我们后慢慢发现！ 为节约双方时间，请在简历上注明期望薪酬（按月计算）和附上近照，有意者也可加QQ：847214368（推荐），请注明：<strong>应聘资料管理员</strong>。如果合适我们将采取邮件通知的方式，敬请留意查收发送简历的邮箱。 公司地址：广州市海珠区新港东路1068号中洲中心（北塔）1005室（甲级写字楼）。 途径公交车：137路、229路、239路、262路、304路、461班车、461路、564路、582路、762路、763路、b7路、大学城3线、旅游3线； 地铁八号线：琶洲站，D出口，往前走约300米。


职能类别：
图书管理员/资料管理员





,http://jobs.51job.com/guangzhou-hzq/94595329.html?s=01&t=0
数据分析,10-16发布,数据分析专员（销售支持）,广州,4.5-6千/月,依波路(广州)贸易有限公司,招聘1人,
五险一金;
补充公积金;
员工旅游;
年终奖金;
专业培训;
定期体检;
;,
职位描述：
						工作职责： 1、收集全国各办事处销售数据及市场信息，制作周报、月报等报表； 2、定期对各品类销售进行统计分析，对货品的进存销、滞销品、畅销品进行统计汇总并及时做出分析总结；3、关注商品上市及反馈销售业绩，对滞销品提出合理的建议； 4、每季销售末期对当季产品架构和销售进行分析并提出合理的建议； 岗位要求：1、大专学历，统计学、数学或其他相关专业，两年以上数据统计相关工作经验；2、熟练使用EXCEL的函数公式，会做数据透视表，能够用PPT等形式呈现分析结果；3、对数字敏感，责任心强，细心耐心，对数据分析有兴趣；4、思路清晰，踏实肯干，有亲和力，团队合作精神强。公司福利1、公司上班时间朝九晚六，五天工作制，周末双休；2、员工入职五险一金购买齐全；3、季度员工生日会，节日福利，员工旅游，团建活动；4、根据工作表现有年度调薪晋升机会；5、太古汇甲级写字楼，工作环境舒适，交通方便。						
												

职能类别：
业务分析专员/助理
销售行政专员/助理


关键字：
销售数据分析
市场信息统计
商品分析
五险一金
带薪年假
销售支持





,http://jobs.51job.com/guangzhou/49522977.html?s=01&t=0
数据分析,10-16发布,数据分析师,广州-越秀区,0.8-2万/月,广州弘度信息科技有限公司,招聘若干人,null,
职位描述：
						岗位描述：按照资深数据分析师分派的任务，按时保质地完成项目具体的数据采集、分析、处理等功能开发。任职资格：1、	本科及以上学历，计算机或相关专业。2、	3年以上软件开发或BI行业工作经验。3、	精通oracle、sqlserver、mysql、mongodb、hive等数据库中的至少2种。4、	熟悉Java开发及Linux环境。						
												

职能类别：
其他


关键字：
数据
分析师





,http://jobs.51job.com/guangzhou-yxq/88171129.html?s=01&t=0
数据分析,10-16发布,数据分析主管/经理,广州,15-20万/年,广州快慢品牌管理有限公司,招聘若干人,null,
职位描述：
						岗位职责：1.有效建立并推行销售目标管理体系（目标设定、预测、分析及跟进等），使目标管理规范化合理化。2.拟定终端关键业务指标数据分析（例如转化率，连带率，客单价，ROI，部门KPI等核心指标），提出优化建议，提升效益。 3.根据分析销售及库存数据，制定合理的产品市场预测，确保产品保持时尚性和迎合市场，并根据店铺需求和季节性对产品进行合理的周期管理。 4.跟踪分析各类营销活动，全面评估各类营销活动的优劣，并提出各类改善措施和优化点。 5.建立并管理全国销售数据/店铺资料中心，为相关部门提供准确资料。 6.数据化管理项目策划及实施，参与公司业务规划与策略制定。 7.向管理层提供销售策略分析报告及相关资讯。 8.定期对销售策略体系进行评估，并组织更新，确保体系能适应业务不同发展阶段的需要。 9.独自完成数据提取、报表制作、深入分析等。任职要求：1.	大专或以上学历；2.	从事商品管理、数据分析工作4年或以上，有服装行业工作经验者优先；3.	较强的数据逻辑分析能力，对数字敏感；4.	EXCLE操作熟练（基本应掌握操作：表格设计；数据透视表，数据曲线图柱状图设计；VLOOKUUP，IF，SUMIF，COUNTIF，RANK等函数应用）；5.	良好的沟通能力及团队合作精神；						
												

职能类别：
业务分析经理/主管





,http://jobs.51job.com/guangzhou/87236471.html?s=01&t=0
数据分析,10-16发布,数据分析工程师,广州-越秀区,0.8-1.5万/月,博彦科技广州有限公司,招聘3人,
定期体检;
年终奖金;
五险一金;
;,
职位描述：
						岗位要求：牋1）、两年及以上数据分析/数据挖掘经验；2）、熟练使用SAS或其他数据分析工具；3）熟悉linux操作系统，掌握常用命令；4）、男女不限，有电信运营商工作经验优先；5）、良好的沟通能力和团队合作能力。工作内容：移动位置类数据和应用类数据的分析、挖掘应用开发						
												

职能类别：
软件工程师





,http://jobs.51job.com/guangzhou-yxq/83518978.html?s=01&t=0
数据分析,10-16发布,数据分析 (职位编号：22),广州,4-6千/月,广州兆达讯息科技股份有限公司,招聘1人,
五险一金;
周末双休;
;,
职位描述：
						【工作内容】1、监控业务流量等相关数据，为运营决策提供优化建议；2、通过建立业务统计分析模型、用户画像为精准运营提供数据支持；3、通过建立数据分析指标机制，监测数据的波动，并深入分析原因；4、构建并优化数据指标体系和各项报表，对活动上线、内容更新、数据异常进行分析；【任职要求】1、本科学历，统计学等相关专业,精通Excel，熟悉sql；2、有互联网运营数据分析相关工作经验优先；3、数据敏感，善于沟通，自主能动性强。						
												

职能类别：
其他


关键字：
数据分析
App数据
数据监测





,http://jobs.51job.com/guangzhou/86067361.html?s=01&t=0
数据分析,10-16发布,高薪急聘：数据分析员（上市公司+双休+五险一金）,广州,4.5-6千/月,广州若羽臣科技股份有限公司,招聘若干人,
五险一金;
员工旅游;
餐饮补贴;
定期体检;
专业培训;
绩效奖金;
年终奖金;
弹性工作;
补充公积金;
补充医疗保险;
;,
职位描述：
						职位描述：1、负责各店铺销售数据收集，并提供全面的数据分析结果，提出合理化建议，令销售取得更好的经营效益；2、负责品牌数据分析、系统数据分析和同比数据分析；3、收集、分析市场情况及竞争对手状况，协助对业务数据进行分析建模；4、进行各项转化率、内容偏好、功能需求、访问路径等方面的数据挖掘和分析；5、其他交办事项。任职要求：1、统计学本科以上学历，2年以上工作经验；2、电商行业相关经验；3、熟悉ERP，对进、销、存数据变化具有敏感性；4、熟练使用Excel、PPT等数据工具,打字速度中等以上；5、条理清晰，有良好的表达能力及沟通能力；6、做事认真负责，有上进心，有责任感，能承受工作压力，团队意识强。						
												

职能类别：
业务分析专员/助理


关键字：
数据分析
货品分析
业务分析
数据统计
统计分析





,http://jobs.51job.com/guangzhou/81232519.html?s=01&t=0
数据分析,10-16发布,电商商品数据分析员/商品助理,广州-海珠区,4.5-6千/月,广州圆周绿营销策划有限公司,招聘1人,
周末双休;
弹性工作;
带薪年假;
五险一金;
餐饮补贴;
加班补贴;
全勤奖;
节日福利;
;,
职位描述：
						岗位职责：1、协调、统筹各店铺的货品调配；2、根据店铺实际需求进行货品补货、调拨、追单、退货，保持店铺商品库销比的合理性；3、定期对店铺的销售和库存做信息收集与分析，每周、每月数据分析与报表的制作。结合各阶段销售运作情况实时提供货品促销建议；4、保持店铺商品库销比的合理性新店开业货品的下单与跟进；任职要求：1、大专及以上学历，1年以上相关经验；服装、计算机应用、统计、财务、数学应用等专业优先；2、熟练使用excel办公工具，熟练使用进销存及各类分析软件；3、工作认真积极，责任心强，沟通能力和理解能力强，处事灵活，协调能力佳，有良好的团队合作精神；4、适应电子商务快节奏工作方式，能承受一定的工作压力；5、有天猫、京东等平台商品规划工作经验优先；6、有百胜系统管理经验优先；						
												

职能类别：
网店店铺管理员
其他





,http://jobs.51job.com/guangzhou-hzq/94600981.html?s=01&t=0
数据分析,10-16发布,高级数据分析师,广州,1-1.5万/月,广东世纪晓教育科技有限公司,招聘若干人,
五险一金;
弹性工作;
年终双薪;
年终分红;
员工旅游;
带薪年假;
节日福利;
;,
职位描述：
<p><b>工作职责：</b><p><b>1</b><b>、建立市场运营指标监控体系，对集团及分公司经营计划执行情况和运营结果进行统计分析，形成月度、季度、年度经营分析报告支撑集团总裁办经营决策；</b><p><b>2</b><b>、跟进产品的分析需求，撰写业务分析报告，结合数据趋势提出产品阶段性优化建议，为产品运营提供可靠的数据支持；</b><p><b>3</b><b>、负责用户行为分析研究，潜在用户挖掘、用户画像、用户流失预警、用户生命周期分析、用户价值分析等相关用户研究；</b><p><b>4</b><b>、根据项目需求，制定数据采集标准和目标，建立清洗标准和数据集市，根据业务特点选择最合适的数据挖掘算法，支撑项目运营策略；</b><p><b>5</b><b>、根据公司业务需要，对内部数据进行收集并进行深度挖掘，提供有价值的专项分析报告。</b><p><b></b><p><b>任职资格：</b><p><b>1</b><b>、本科以上学历，计算机、数学、统计类相关专业；</b><p><b>2</b><b>、三年以上数据分析或数据挖掘工作经验；</b><p><b>3</b><b>、具有良好的分析报告撰写能力，熟悉数据可视化相关理论，能制作专业分析报告；</b><p><b>4</b><b>、精通world</b><b>、excel</b><b>、PPT</b><b>等常用办公软件；</b><p><b>5</b><b>、熟练掌握SQLServer</b><b>数据库、SPSS</b><b>或SAS</b><b>等工具进行统计分析和建模；</b><p><b>6</b><b>、熟悉掌握MATLAB</b><b>、R</b><b>或Python</b><b>（至少一种）工具者；</b><p><b>7</b><b>、较强的文字和口头表达能力，对产品和数据库运营比较敏感，思路清晰有条理；</b><p><b>8</b><b>、具有较强的逻辑思维能力、沟通表达能力、计划执行能力；</b><p><b>9</b><b>、通用素质 </b><b>具有客户服务意识、责任意识、团队意识、抗压能力。</b>


职能类别：
信息技术经理/主管





,http://jobs.51job.com/guangzhou/84886767.html?s=01&t=0
数据分析,10-16发布,体育数据分析师,广州-天河区,6-9千/月,广东全彩科技有限公司,招聘1人,
员工旅游;
绩效奖金;
年终奖金;
定期体检;
餐饮补贴;
;,
职位描述：
						工作职责：1、负责博彩底层数据模型搭建2、负责赔率数据模型、算法验证3、负责对博彩数据挖掘包装，在移动端及PC输出数据应用产品4、通过分析用户数据提出产品优化策略任职资格：1、了解足篮球赛事规则，熟悉博彩行业基本规则和通用语言2、对足篮球博彩数据（比分、赔率、赛事资料）有深入研究并具备较强的数据分析及挖掘能力3、对数据有整理及包装应用能力，有清晰的产品设计思路，能明确产品方向并拆分成项目，完成设计并跟进产品迭代4、有创新精神，抗压能力强						
												

职能类别：
市场分析/调研人员


关键字：
博彩分析
数据分析
赔率数据
博彩数据
体育赛事





,http://jobs.51job.com/guangzhou-thq/91033986.html?s=01&t=0
数据分析,10-16发布,数据分析师,肇庆,0.6-1万/月,广州海晟科技有限公司,招聘3人,
五险一金;
员工旅游;
交通补贴;
通讯补贴;
专业培训;
出国机会;
绩效奖金;
年终奖金;
定期体检;
;,
职位描述：
						岗位职责：1、建立经营网格协同支撑2、完善优化考核管理支撑3、制定薪酬激励支撑4、制定责任目标支撑5、建立完善培训及投诉处理支撑6、建立IT服务体系支撑7、装维监控服务数据挖掘支撑8、装维波动监控分析以及阶段总结任职资格：1）要求全日制本科及以上学历，相关计算机、网络通信、软件、统计学、数学专业相关毕业，具备数据统计、数据分析相关的资格认证。1）熟悉家宽网格经营体系建立方法、家宽、装维数据处理流程、家宽、装维相关专题数据建模工作、家宽业务知识，具备家宽、装维业务的支撑能力；2）有2年（含）以上工作经验。具有高级运营支撑同类项目经验（通信行业服务支撑、分析咨询、数据挖掘或管理咨询类项目，不包含软件开发和硬件采购类项目）的项目工作经验。3）具备良好的书面、及口头表达能力、学习能力、人际沟通能力；4）工作人员应具备良好的服务素质，责任心强，爱岗敬业、具有良好的综合素质及较强的团队协作精神。5）身体健康、思想品德良好、没有任何违法违纪行为、具有良好的服务素质，且服从需求方使用部门的合理工作安排。服从调配，遵守需求方的行为规范和规章制度及信息保密规定；6）熟悉数据处理，能运用excel、access、SQL等数据处理工具及编程工具。（备注：能力强的可以面试数据分析工程师主管）						
												

职能类别：
系统分析员





,http://jobs.51job.com/zhaoqing/94825216.html?s=01&t=0
数据分析,10-16发布,商品数据分析员,广州-番禺区,3.5-7千/月,广州欧京玛服饰有限公司,招聘1人,null,
职位描述：
						工作职责：1、数据采集工作，按时提取日、周、月报数据，做出对比分析。2、商品销售的即时跟踪及后期生命期的分析。3、汇总终端店铺信息基础数据，统筹新品上、下柜，并稽查踪上市后的销售分析以及后期市场需求预测。4、入库产品分流总筹。5、监督商品分配、补货和调货工作。任职要求：1、大专或以上学历，二年以上商品分析，货品管控工作经验；2、熟悉ERP软件，并精通表格公式，能结合数据及调研结果做出客观分析、预测；3、具有时尚敏感度；4、有较强的数据敏感度，熟悉服装行业货品管理知识。5、有较强沟通能力，及团队协作精神，富有责心。						
												

职能类别：
产品/品牌专员





,http://jobs.51job.com/guangzhou-pyq/93902732.html?s=01&t=0
数据分析,10-16发布,数据分析师,广州-天河区,0.8-1万/月,讯汇科技（广州）有限公司,招聘1人,
五险一金;
绩效奖金;
定期体检;
员工旅游;
周末双休;
年终奖金;
;,
职位描述：
						岗位职责：1、负责数据需求调研，数据模型搭建和维护，数据分析，建立市场数据指标体系；2、依据各种数据分析模型，对网站用户行为，市场推广效果，行业变化趋势等进行多维度；多角度的数据提取和分析，动态发现市场运营的机会点与问题点，并能提出改进措施并推动市场部门落实；3、结合数据分析结果及对需求的深入理解，辅助市场部门和高层做出正确的市场决策，提升ROI ；4、具有良好的分析报告撰写能力，并能熟练运用图表有效表达分析。定期制作分析报告，及时与市场部门讨论分析，做好数据支持和有效指引。任职要求：1、数学、统计或计算机相关专业，有3年以上互联网工作背景（必备条件）；2、熟悉统计概念及常用统计方法；3、精通 MS Office工具；4、掌握 SAS 或 SQL 等专业数据处理工具；5、掌握GA或adwords分析工具优先；6、有数据分析与数据处理相关项目经验优先；7、有责任感，细致耐心，有较强的团队合作精神。						
												

职能类别：
市场分析/调研人员


关键字：
数据
分析
统计





,http://jobs.51job.com/guangzhou-thq/68927904.html?s=01&t=0
